file,line,type,commit,author,date,time,timezone,datetime,depth,length
style.css,1,css,e736ac80,Yolanda Feng,2025-01-16,23:15:31,-08:00,2025-01-16T23:15:31-08:00,0,6
style.css,2,css,e736ac80,Yolanda Feng,2025-01-16,23:15:31,-08:00,2025-01-16T23:15:31-08:00,0,32
style.css,3,css,e736ac80,Yolanda Feng,2025-01-16,23:15:31,-08:00,2025-01-16T23:15:31-08:00,0,33
style.css,4,css,f495967c,Yolanda Feng,2025-01-24,00:55:06,-08:00,2025-01-24T00:55:06-08:00,0,24
style.css,5,css,e736ac80,Yolanda Feng,2025-01-16,23:15:31,-08:00,2025-01-16T23:15:31-08:00,0,0
style.css,6,css,58b7aadd,Yolanda Feng,2025-01-24,00:08:19,-08:00,2025-01-24T00:08:19-08:00,0,0
style.css,7,css,2a3625bc,Yolanda Feng,2025-02-14,15:32:44,-08:00,2025-02-14T15:32:44-08:00,0,2
style.css,8,css,2a3625bc,Yolanda Feng,2025-02-14,15:32:44,-08:00,2025-02-14T15:32:44-08:00,0,2
style.css,9,css,2a3625bc,Yolanda Feng,2025-02-14,15:32:44,-08:00,2025-02-14T15:32:44-08:00,0,2
style.css,10,css,2a3625bc,Yolanda Feng,2025-02-14,15:32:44,-08:00,2025-02-14T15:32:44-08:00,0,2
style.css,11,css,2a3625bc,Yolanda Feng,2025-02-14,15:32:44,-08:00,2025-02-14T15:32:44-08:00,0,2
style.css,12,css,2a3625bc,Yolanda Feng,2025-02-14,15:32:44,-08:00,2025-02-14T15:32:44-08:00,0,3
style.css,13,css,f4f73f32,Yolanda Feng,2025-01-17,00:47:41,-08:00,2025-01-17T00:47:41-08:00,0,16
style.css,14,css,f4f73f32,Yolanda Feng,2025-01-17,00:47:41,-08:00,2025-01-17T00:47:41-08:00,0,18
style.css,15,css,f4f73f32,Yolanda Feng,2025-01-17,00:47:41,-08:00,2025-01-17T00:47:41-08:00,0,0
style.css,16,css,58b7aadd,Yolanda Feng,2025-01-24,00:08:19,-08:00,2025-01-24T00:08:19-08:00,0,0
style.css,17,css,f4f73f32,Yolanda Feng,2025-01-17,00:47:41,-08:00,2025-01-17T00:47:41-08:00,0,3
style.css,18,css,c8c81fb2,Yolanda Feng,2025-01-17,00:48:24,-08:00,2025-01-17T00:48:24-08:00,0,15
style.css,19,css,f4f73f32,Yolanda Feng,2025-01-17,00:47:41,-08:00,2025-01-17T00:47:41-08:00,0,0
style.css,20,css,58b7aadd,Yolanda Feng,2025-01-24,00:08:19,-08:00,2025-01-24T00:08:19-08:00,0,0
style.css,21,css,2a3625bc,Yolanda Feng,2025-02-14,15:32:44,-08:00,2025-02-14T15:32:44-08:00,0,2
style.css,22,css,2a3625bc,Yolanda Feng,2025-02-14,15:32:44,-08:00,2025-02-14T15:32:44-08:00,0,3
style.css,23,css,7489dd4a,Yolanda Feng,2025-01-31,14:33:53,-08:00,2025-01-31T14:33:53-08:00,0,19
style.css,24,css,58b7aadd,Yolanda Feng,2025-01-24,00:08:19,-08:00,2025-01-24T00:08:19-08:00,0,19
style.css,25,css,58b7aadd,Yolanda Feng,2025-01-24,00:08:19,-08:00,2025-01-24T00:08:19-08:00,0,19
style.css,26,css,58b7aadd,Yolanda Feng,2025-01-24,00:08:19,-08:00,2025-01-24T00:08:19-08:00,0,0
style.css,27,css,58b7aadd,Yolanda Feng,2025-01-24,00:08:19,-08:00,2025-01-24T00:08:19-08:00,0,0
style.css,28,css,58b7aadd,Yolanda Feng,2025-01-24,00:08:19,-08:00,2025-01-24T00:08:19-08:00,0,3
style.css,29,css,58b7aadd,Yolanda Feng,2025-01-24,00:08:19,-08:00,2025-01-24T00:08:19-08:00,0,13
style.css,30,css,58b7aadd,Yolanda Feng,2025-01-24,00:08:19,-08:00,2025-01-24T00:08:19-08:00,0,30
style.css,31,css,58b7aadd,Yolanda Feng,2025-01-24,00:08:19,-08:00,2025-01-24T00:08:19-08:00,0,19
style.css,32,css,58b7aadd,Yolanda Feng,2025-01-24,00:08:19,-08:00,2025-01-24T00:08:19-08:00,0,16
style.css,33,css,58b7aadd,Yolanda Feng,2025-01-24,00:08:19,-08:00,2025-01-24T00:08:19-08:00,0,18
style.css,34,css,58b7aadd,Yolanda Feng,2025-01-24,00:08:19,-08:00,2025-01-24T00:08:19-08:00,0,0
style.css,35,css,58b7aadd,Yolanda Feng,2025-01-24,00:08:19,-08:00,2025-01-24T00:08:19-08:00,0,0
style.css,36,css,58b7aadd,Yolanda Feng,2025-01-24,00:08:19,-08:00,2025-01-24T00:08:19-08:00,0,27
style.css,37,css,58b7aadd,Yolanda Feng,2025-01-24,00:08:19,-08:00,2025-01-24T00:08:19-08:00,0,16
style.css,38,css,58b7aadd,Yolanda Feng,2025-01-24,00:08:19,-08:00,2025-01-24T00:08:19-08:00,0,14
style.css,39,css,58b7aadd,Yolanda Feng,2025-01-24,00:08:19,-08:00,2025-01-24T00:08:19-08:00,0,17
style.css,40,css,58b7aadd,Yolanda Feng,2025-01-24,00:08:19,-08:00,2025-01-24T00:08:19-08:00,0,0
style.css,41,css,58b7aadd,Yolanda Feng,2025-01-24,00:08:19,-08:00,2025-01-24T00:08:19-08:00,0,0
style.css,42,css,47288231,Yolanda Feng,2025-01-10,15:29:54,-08:00,2025-01-10T15:29:54-08:00,0,5
style.css,43,css,58b7aadd,Yolanda Feng,2025-01-24,00:08:19,-08:00,2025-01-24T00:08:19-08:00,0,24
style.css,44,css,58b7aadd,Yolanda Feng,2025-01-24,00:08:19,-08:00,2025-01-24T00:08:19-08:00,0,16
style.css,45,css,58b7aadd,Yolanda Feng,2025-01-24,00:08:19,-08:00,2025-01-24T00:08:19-08:00,0,19
style.css,46,css,58b7aadd,Yolanda Feng,2025-01-24,00:08:19,-08:00,2025-01-24T00:08:19-08:00,0,12
style.css,47,css,58b7aadd,Yolanda Feng,2025-01-24,00:08:19,-08:00,2025-01-24T00:08:19-08:00,0,0
style.css,48,css,58b7aadd,Yolanda Feng,2025-01-24,00:08:19,-08:00,2025-01-24T00:08:19-08:00,0,0
style.css,49,css,fb416e0c,Yolanda Feng,2025-01-24,00:05:06,-08:00,2025-01-24T00:05:06-08:00,0,11
style.css,50,css,58b7aadd,Yolanda Feng,2025-01-24,00:08:19,-08:00,2025-01-24T00:08:19-08:00,0,13
style.css,51,css,58b7aadd,Yolanda Feng,2025-01-24,00:08:19,-08:00,2025-01-24T00:08:19-08:00,0,19
style.css,52,css,f495967c,Yolanda Feng,2025-01-24,00:55:06,-08:00,2025-01-24T00:55:06-08:00,0,40
style.css,53,css,f495967c,Yolanda Feng,2025-01-24,00:55:06,-08:00,2025-01-24T00:55:06-08:00,0,44
style.css,54,css,58b7aadd,Yolanda Feng,2025-01-24,00:08:19,-08:00,2025-01-24T00:08:19-08:00,0,0
style.css,55,css,58b7aadd,Yolanda Feng,2025-01-24,00:08:19,-08:00,2025-01-24T00:08:19-08:00,0,0
style.css,56,css,fb416e0c,Yolanda Feng,2025-01-24,00:05:06,-08:00,2025-01-24T00:05:06-08:00,0,6
style.css,57,css,fb416e0c,Yolanda Feng,2025-01-24,00:05:06,-08:00,2025-01-24T00:05:06-08:00,0,7
style.css,58,css,fb416e0c,Yolanda Feng,2025-01-24,00:05:06,-08:00,2025-01-24T00:05:06-08:00,0,21
style.css,59,css,fb416e0c,Yolanda Feng,2025-01-24,00:05:06,-08:00,2025-01-24T00:05:06-08:00,0,14
style.css,60,css,fb416e0c,Yolanda Feng,2025-01-24,00:05:06,-08:00,2025-01-24T00:05:06-08:00,0,18
style.css,61,css,fb416e0c,Yolanda Feng,2025-01-24,00:05:06,-08:00,2025-01-24T00:05:06-08:00,0,14
style.css,62,css,fb416e0c,Yolanda Feng,2025-01-24,00:05:06,-08:00,2025-01-24T00:05:06-08:00,0,0
style.css,63,css,58b7aadd,Yolanda Feng,2025-01-24,00:08:19,-08:00,2025-01-24T00:08:19-08:00,0,0
style.css,64,css,fb416e0c,Yolanda Feng,2025-01-24,00:05:06,-08:00,2025-01-24T00:05:06-08:00,0,14
style.css,65,css,f495967c,Yolanda Feng,2025-01-24,00:55:06,-08:00,2025-01-24T00:55:06-08:00,0,46
style.css,66,css,fb416e0c,Yolanda Feng,2025-01-24,00:05:06,-08:00,2025-01-24T00:05:06-08:00,0,21
style.css,67,css,fb416e0c,Yolanda Feng,2025-01-24,00:05:06,-08:00,2025-01-24T00:05:06-08:00,0,0
style.css,68,css,58b7aadd,Yolanda Feng,2025-01-24,00:08:19,-08:00,2025-01-24T00:08:19-08:00,0,0
style.css,69,css,fb416e0c,Yolanda Feng,2025-01-24,00:05:06,-08:00,2025-01-24T00:05:06-08:00,0,12
style.css,70,css,58b7aadd,Yolanda Feng,2025-01-24,00:08:19,-08:00,2025-01-24T00:08:19-08:00,0,46
style.css,71,css,f495967c,Yolanda Feng,2025-01-24,00:55:06,-08:00,2025-01-24T00:55:06-08:00,0,70
style.css,72,css,fb416e0c,Yolanda Feng,2025-01-24,00:05:06,-08:00,2025-01-24T00:05:06-08:00,0,21
style.css,73,css,58b7aadd,Yolanda Feng,2025-01-24,00:08:19,-08:00,2025-01-24T00:08:19-08:00,0,0
style.css,74,css,58b7aadd,Yolanda Feng,2025-01-24,00:08:19,-08:00,2025-01-24T00:08:19-08:00,0,0
style.css,75,css,58b7aadd,Yolanda Feng,2025-01-24,00:08:19,-08:00,2025-01-24T00:08:19-08:00,0,5
style.css,76,css,58b7aadd,Yolanda Feng,2025-01-24,00:08:19,-08:00,2025-01-24T00:08:19-08:00,0,13
style.css,77,css,58b7aadd,Yolanda Feng,2025-01-24,00:08:19,-08:00,2025-01-24T00:08:19-08:00,0,31
style.css,78,css,58b7aadd,Yolanda Feng,2025-01-24,00:08:19,-08:00,2025-01-24T00:08:19-08:00,0,8
style.css,79,css,58b7aadd,Yolanda Feng,2025-01-24,00:08:19,-08:00,2025-01-24T00:08:19-08:00,0,0
style.css,80,css,58b7aadd,Yolanda Feng,2025-01-24,00:08:19,-08:00,2025-01-24T00:08:19-08:00,0,0
style.css,81,css,58b7aadd,Yolanda Feng,2025-01-24,00:08:19,-08:00,2025-01-24T00:08:19-08:00,0,11
style.css,82,css,58b7aadd,Yolanda Feng,2025-01-24,00:08:19,-08:00,2025-01-24T00:08:19-08:00,0,13
style.css,83,css,58b7aadd,Yolanda Feng,2025-01-24,00:08:19,-08:00,2025-01-24T00:08:19-08:00,0,30
style.css,84,css,58b7aadd,Yolanda Feng,2025-01-24,00:08:19,-08:00,2025-01-24T00:08:19-08:00,0,19
style.css,85,css,58b7aadd,Yolanda Feng,2025-01-24,00:08:19,-08:00,2025-01-24T00:08:19-08:00,0,0
style.css,86,css,58b7aadd,Yolanda Feng,2025-01-24,00:08:19,-08:00,2025-01-24T00:08:19-08:00,0,0
style.css,87,css,58b7aadd,Yolanda Feng,2025-01-24,00:08:19,-08:00,2025-01-24T00:08:19-08:00,0,10
style.css,88,css,58b7aadd,Yolanda Feng,2025-01-24,00:08:19,-08:00,2025-01-24T00:08:19-08:00,0,13
style.css,89,css,58b7aadd,Yolanda Feng,2025-01-24,00:08:19,-08:00,2025-01-24T00:08:19-08:00,0,12
style.css,90,css,58b7aadd,Yolanda Feng,2025-01-24,00:08:19,-08:00,2025-01-24T00:08:19-08:00,0,13
style.css,91,css,58b7aadd,Yolanda Feng,2025-01-24,00:08:19,-08:00,2025-01-24T00:08:19-08:00,0,0
style.css,92,css,58b7aadd,Yolanda Feng,2025-01-24,00:08:19,-08:00,2025-01-24T00:08:19-08:00,0,0
style.css,93,css,58b7aadd,Yolanda Feng,2025-01-24,00:08:19,-08:00,2025-01-24T00:08:19-08:00,0,12
style.css,94,css,58b7aadd,Yolanda Feng,2025-01-24,00:08:19,-08:00,2025-01-24T00:08:19-08:00,0,19
style.css,95,css,58b7aadd,Yolanda Feng,2025-01-24,00:08:19,-08:00,2025-01-24T00:08:19-08:00,0,0
style.css,96,css,58b7aadd,Yolanda Feng,2025-01-24,00:08:19,-08:00,2025-01-24T00:08:19-08:00,0,0
style.css,97,css,58b7aadd,Yolanda Feng,2025-01-24,00:08:19,-08:00,2025-01-24T00:08:19-08:00,0,10
style.css,98,css,58b7aadd,Yolanda Feng,2025-01-24,00:08:19,-08:00,2025-01-24T00:08:19-08:00,0,13
style.css,99,css,58b7aadd,Yolanda Feng,2025-01-24,00:08:19,-08:00,2025-01-24T00:08:19-08:00,0,59
style.css,100,css,58b7aadd,Yolanda Feng,2025-01-24,00:08:19,-08:00,2025-01-24T00:08:19-08:00,0,8
style.css,101,css,58b7aadd,Yolanda Feng,2025-01-24,00:08:19,-08:00,2025-01-24T00:08:19-08:00,0,0
style.css,102,css,58b7aadd,Yolanda Feng,2025-01-24,00:08:19,-08:00,2025-01-24T00:08:19-08:00,0,0
style.css,103,css,58b7aadd,Yolanda Feng,2025-01-24,00:08:19,-08:00,2025-01-24T00:08:19-08:00,0,18
style.css,104,css,58b7aadd,Yolanda Feng,2025-01-24,00:08:19,-08:00,2025-01-24T00:08:19-08:00,0,13
style.css,105,css,58b7aadd,Yolanda Feng,2025-01-24,00:08:19,-08:00,2025-01-24T00:08:19-08:00,0,27
style.css,106,css,58b7aadd,Yolanda Feng,2025-01-24,00:08:19,-08:00,2025-01-24T00:08:19-08:00,0,16
style.css,107,css,58b7aadd,Yolanda Feng,2025-01-24,00:08:19,-08:00,2025-01-24T00:08:19-08:00,0,0
style.css,108,css,58b7aadd,Yolanda Feng,2025-01-24,00:08:19,-08:00,2025-01-24T00:08:19-08:00,0,0
style.css,109,css,58b7aadd,Yolanda Feng,2025-01-24,00:08:19,-08:00,2025-01-24T00:08:19-08:00,0,13
style.css,110,css,58b7aadd,Yolanda Feng,2025-01-24,00:08:19,-08:00,2025-01-24T00:08:19-08:00,0,9
style.css,111,css,fdaa37ba,Yolanda Feng,2025-01-24,00:11:35,-08:00,2025-01-24T00:11:35-08:00,0,19
style.css,112,css,58b7aadd,Yolanda Feng,2025-01-24,00:08:19,-08:00,2025-01-24T00:08:19-08:00,0,0
style.css,113,css,58b7aadd,Yolanda Feng,2025-01-24,00:08:19,-08:00,2025-01-24T00:08:19-08:00,0,0
style.css,114,css,58b7aadd,Yolanda Feng,2025-01-24,00:08:19,-08:00,2025-01-24T00:08:19-08:00,0,16
style.css,115,css,58b7aadd,Yolanda Feng,2025-01-24,00:08:19,-08:00,2025-01-24T00:08:19-08:00,0,16
style.css,116,css,58b7aadd,Yolanda Feng,2025-01-24,00:08:19,-08:00,2025-01-24T00:08:19-08:00,0,19
style.css,117,css,58b7aadd,Yolanda Feng,2025-01-24,00:08:19,-08:00,2025-01-24T00:08:19-08:00,0,12
style.css,118,css,58b7aadd,Yolanda Feng,2025-01-24,00:08:19,-08:00,2025-01-24T00:08:19-08:00,0,0
style.css,119,css,58b7aadd,Yolanda Feng,2025-01-24,00:08:19,-08:00,2025-01-24T00:08:19-08:00,0,0
style.css,120,css,7489dd4a,Yolanda Feng,2025-01-31,14:33:53,-08:00,2025-01-31T14:33:53-08:00,0,19
style.css,121,css,7489dd4a,Yolanda Feng,2025-01-31,14:33:53,-08:00,2025-01-31T14:33:53-08:00,0,24
style.css,122,css,7489dd4a,Yolanda Feng,2025-01-31,14:33:53,-08:00,2025-01-31T14:33:53-08:00,0,0
style.css,123,css,7489dd4a,Yolanda Feng,2025-01-31,14:33:53,-08:00,2025-01-31T14:33:53-08:00,0,0
style.css,124,css,58b7aadd,Yolanda Feng,2025-01-24,00:08:19,-08:00,2025-01-24T00:08:19-08:00,0,14
style.css,125,css,58b7aadd,Yolanda Feng,2025-01-24,00:08:19,-08:00,2025-01-24T00:08:19-08:00,0,16
style.css,126,css,58b7aadd,Yolanda Feng,2025-01-24,00:08:19,-08:00,2025-01-24T00:08:19-08:00,0,0
style.css,127,css,58b7aadd,Yolanda Feng,2025-01-24,00:08:19,-08:00,2025-01-24T00:08:19-08:00,0,0
style.css,128,css,58b7aadd,Yolanda Feng,2025-01-24,00:08:19,-08:00,2025-01-24T00:08:19-08:00,0,18
style.css,129,css,58b7aadd,Yolanda Feng,2025-01-24,00:08:19,-08:00,2025-01-24T00:08:19-08:00,0,18
style.css,130,css,58b7aadd,Yolanda Feng,2025-01-24,00:08:19,-08:00,2025-01-24T00:08:19-08:00,0,14
style.css,131,css,58b7aadd,Yolanda Feng,2025-01-24,00:08:19,-08:00,2025-01-24T00:08:19-08:00,0,18
style.css,132,css,58b7aadd,Yolanda Feng,2025-01-24,00:08:19,-08:00,2025-01-24T00:08:19-08:00,0,0
style.css,133,css,58b7aadd,Yolanda Feng,2025-01-24,00:08:19,-08:00,2025-01-24T00:08:19-08:00,0,0
style.css,134,css,58b7aadd,Yolanda Feng,2025-01-24,00:08:19,-08:00,2025-01-24T00:08:19-08:00,0,17
style.css,135,css,58b7aadd,Yolanda Feng,2025-01-24,00:08:19,-08:00,2025-01-24T00:08:19-08:00,0,18
style.css,136,css,58b7aadd,Yolanda Feng,2025-01-24,00:08:19,-08:00,2025-01-24T00:08:19-08:00,0,13
style.css,137,css,58b7aadd,Yolanda Feng,2025-01-24,00:08:19,-08:00,2025-01-24T00:08:19-08:00,0,17
style.css,138,css,58b7aadd,Yolanda Feng,2025-01-24,00:08:19,-08:00,2025-01-24T00:08:19-08:00,0,0
style.css,139,css,44bc9c90,Yolanda Feng,2025-01-24,20:23:16,-08:00,2025-01-24T20:23:16-08:00,0,0
style.css,140,css,44bc9c90,Yolanda Feng,2025-01-24,20:23:16,-08:00,2025-01-24T20:23:16-08:00,0,14
style.css,141,css,44bc9c90,Yolanda Feng,2025-01-24,20:23:16,-08:00,2025-01-24T20:23:16-08:00,0,18
style.css,142,css,44bc9c90,Yolanda Feng,2025-01-24,20:23:16,-08:00,2025-01-24T20:23:16-08:00,0,9
style.css,143,css,44bc9c90,Yolanda Feng,2025-01-24,20:23:16,-08:00,2025-01-24T20:23:16-08:00,0,11
style.css,144,css,44bc9c90,Yolanda Feng,2025-01-24,20:23:16,-08:00,2025-01-24T20:23:16-08:00,0,14
style.css,145,css,44bc9c90,Yolanda Feng,2025-01-24,20:23:16,-08:00,2025-01-24T20:23:16-08:00,0,20
style.css,146,css,44bc9c90,Yolanda Feng,2025-01-24,20:23:16,-08:00,2025-01-24T20:23:16-08:00,0,0
style.css,147,css,44bc9c90,Yolanda Feng,2025-01-24,20:23:16,-08:00,2025-01-24T20:23:16-08:00,0,0
style.css,148,css,44bc9c90,Yolanda Feng,2025-01-24,20:23:16,-08:00,2025-01-24T20:23:16-08:00,0,21
style.css,149,css,44bc9c90,Yolanda Feng,2025-01-24,20:23:16,-08:00,2025-01-24T20:23:16-08:00,0,20
style.css,150,css,199a561c,Yolanda Feng,2025-01-31,15:37:13,-08:00,2025-01-31T15:37:13-08:00,0,0
style.css,151,css,199a561c,Yolanda Feng,2025-01-31,15:37:13,-08:00,2025-01-31T15:37:13-08:00,0,0
style.css,152,css,199a561c,Yolanda Feng,2025-01-31,15:37:13,-08:00,2025-01-31T15:37:13-08:00,0,15
style.css,153,css,573316f2,Yolanda Feng,2025-01-31,15:44:03,-08:00,2025-01-31T15:44:03-08:00,0,12
style.css,154,css,199a561c,Yolanda Feng,2025-01-31,15:37:13,-08:00,2025-01-31T15:37:13-08:00,0,0
style.css,155,css,199a561c,Yolanda Feng,2025-01-31,15:37:13,-08:00,2025-01-31T15:37:13-08:00,0,0
style.css,156,css,573316f2,Yolanda Feng,2025-01-31,15:44:03,-08:00,2025-01-31T15:44:03-08:00,0,3
style.css,157,css,199a561c,Yolanda Feng,2025-01-31,15:37:13,-08:00,2025-01-31T15:37:13-08:00,0,13
style.css,158,css,199a561c,Yolanda Feng,2025-01-31,15:37:13,-08:00,2025-01-31T15:37:13-08:00,0,37
style.css,159,css,199a561c,Yolanda Feng,2025-01-31,15:37:13,-08:00,2025-01-31T15:37:13-08:00,0,9
style.css,160,css,199a561c,Yolanda Feng,2025-01-31,15:37:13,-08:00,2025-01-31T15:37:13-08:00,0,0
style.css,161,css,199a561c,Yolanda Feng,2025-01-31,15:37:13,-08:00,2025-01-31T15:37:13-08:00,0,0
style.css,162,css,199a561c,Yolanda Feng,2025-01-31,15:37:13,-08:00,2025-01-31T15:37:13-08:00,0,3
style.css,163,css,573316f2,Yolanda Feng,2025-01-31,15:44:03,-08:00,2025-01-31T15:44:03-08:00,0,15
style.css,164,css,199a561c,Yolanda Feng,2025-01-31,15:37:13,-08:00,2025-01-31T15:37:13-08:00,0,17
style.css,165,css,199a561c,Yolanda Feng,2025-01-31,15:37:13,-08:00,2025-01-31T15:37:13-08:00,0,14
style.css,166,css,199a561c,Yolanda Feng,2025-01-31,15:37:13,-08:00,2025-01-31T15:37:13-08:00,0,25
style.css,167,css,199a561c,Yolanda Feng,2025-01-31,15:37:13,-08:00,2025-01-31T15:37:13-08:00,0,0
style.css,168,css,199a561c,Yolanda Feng,2025-01-31,15:37:13,-08:00,2025-01-31T15:37:13-08:00,0,0
style.css,169,css,199a561c,Yolanda Feng,2025-01-31,15:37:13,-08:00,2025-01-31T15:37:13-08:00,0,3
style.css,170,css,573316f2,Yolanda Feng,2025-01-31,15:44:03,-08:00,2025-01-31T15:44:03-08:00,0,16
style.css,171,css,573316f2,Yolanda Feng,2025-01-31,15:44:03,-08:00,2025-01-31T15:44:03-08:00,0,15
style.css,172,css,199a561c,Yolanda Feng,2025-01-31,15:37:13,-08:00,2025-01-31T15:37:13-08:00,0,17
style.css,173,css,199a561c,Yolanda Feng,2025-01-31,15:37:13,-08:00,2025-01-31T15:37:13-08:00,0,14
style.css,174,css,199a561c,Yolanda Feng,2025-01-31,15:37:13,-08:00,2025-01-31T15:37:13-08:00,0,0
style.css,175,css,584f0a85,Yolanda Feng,2025-02-08,14:37:58,-08:00,2025-02-08T14:37:58-08:00,0,0
style.css,176,css,584f0a85,Yolanda Feng,2025-02-08,14:37:58,-08:00,2025-02-08T14:37:58-08:00,0,17
style.css,177,css,584f0a85,Yolanda Feng,2025-02-08,14:37:58,-08:00,2025-02-08T14:37:58-08:00,0,31
style.css,178,css,584f0a85,Yolanda Feng,2025-02-08,14:37:58,-08:00,2025-02-08T14:37:58-08:00,0,0
style.css,179,css,584f0a85,Yolanda Feng,2025-02-08,14:37:58,-08:00,2025-02-08T14:37:58-08:00,0,0
style.css,180,css,584f0a85,Yolanda Feng,2025-02-08,14:37:58,-08:00,2025-02-08T14:37:58-08:00,0,14
style.css,181,css,584f0a85,Yolanda Feng,2025-02-08,14:37:58,-08:00,2025-02-08T14:37:58-08:00,0,35
style.css,182,css,584f0a85,Yolanda Feng,2025-02-08,14:37:58,-08:00,2025-02-08T14:37:58-08:00,0,18
style.css,183,css,584f0a85,Yolanda Feng,2025-02-08,14:37:58,-08:00,2025-02-08T14:37:58-08:00,0,15
style.css,184,css,584f0a85,Yolanda Feng,2025-02-08,14:37:58,-08:00,2025-02-08T14:37:58-08:00,0,0
style.css,185,css,584f0a85,Yolanda Feng,2025-02-08,14:37:58,-08:00,2025-02-08T14:37:58-08:00,0,0
style.css,186,css,ac2348e2,Yolanda Feng,2025-02-08,15:21:09,-08:00,2025-02-08T15:21:09-08:00,0,11
style.css,187,css,2a3625bc,Yolanda Feng,2025-02-14,15:32:44,-08:00,2025-02-14T15:32:44-08:00,0,13
style.css,188,css,4b1b9cc5,Yolanda Feng,2025-02-08,16:42:13,-08:00,2025-02-08T16:42:13-08:00,0,19
style.css,189,css,2a3625bc,Yolanda Feng,2025-02-14,15:32:44,-08:00,2025-02-14T15:32:44-08:00,0,9
style.css,190,css,ac2348e2,Yolanda Feng,2025-02-08,15:21:09,-08:00,2025-02-08T15:21:09-08:00,0,23
style.css,191,css,ac2348e2,Yolanda Feng,2025-02-08,15:21:09,-08:00,2025-02-08T15:21:09-08:00,0,16
style.css,192,css,2a3625bc,Yolanda Feng,2025-02-14,15:32:44,-08:00,2025-02-14T15:32:44-08:00,0,17
style.css,193,css,4b1b9cc5,Yolanda Feng,2025-02-08,16:42:13,-08:00,2025-02-08T16:42:13-08:00,0,15
style.css,194,css,ac2348e2,Yolanda Feng,2025-02-08,15:21:09,-08:00,2025-02-08T15:21:09-08:00,0,0
style.css,195,css,ac2348e2,Yolanda Feng,2025-02-08,15:21:09,-08:00,2025-02-08T15:21:09-08:00,0,0
style.css,196,css,2a3625bc,Yolanda Feng,2025-02-14,15:32:44,-08:00,2025-02-14T15:32:44-08:00,0,19
style.css,197,css,ac2348e2,Yolanda Feng,2025-02-08,15:21:09,-08:00,2025-02-08T15:21:09-08:00,0,14
style.css,198,css,2a3625bc,Yolanda Feng,2025-02-14,15:32:44,-08:00,2025-02-14T15:32:44-08:00,0,11
style.css,199,css,ac2348e2,Yolanda Feng,2025-02-08,15:21:09,-08:00,2025-02-08T15:21:09-08:00,0,12
style.css,200,css,ac2348e2,Yolanda Feng,2025-02-08,15:21:09,-08:00,2025-02-08T15:21:09-08:00,0,14
style.css,201,css,584f0a85,Yolanda Feng,2025-02-08,14:37:58,-08:00,2025-02-08T14:37:58-08:00,0,17
style.css,202,css,584f0a85,Yolanda Feng,2025-02-08,14:37:58,-08:00,2025-02-08T14:37:58-08:00,0,17
style.css,203,css,ac2348e2,Yolanda Feng,2025-02-08,15:21:09,-08:00,2025-02-08T15:21:09-08:00,0,0
style.css,204,css,ac2348e2,Yolanda Feng,2025-02-08,15:21:09,-08:00,2025-02-08T15:21:09-08:00,0,0
style.css,205,css,ac2348e2,Yolanda Feng,2025-02-08,15:21:09,-08:00,2025-02-08T15:21:09-08:00,0,8
style.css,206,css,ac2348e2,Yolanda Feng,2025-02-08,15:21:09,-08:00,2025-02-08T15:21:09-08:00,0,13
style.css,207,css,2a3625bc,Yolanda Feng,2025-02-14,15:32:44,-08:00,2025-02-14T15:32:44-08:00,0,58
style.css,208,css,ac2348e2,Yolanda Feng,2025-02-08,15:21:09,-08:00,2025-02-08T15:21:09-08:00,0,9
style.css,209,css,ac2348e2,Yolanda Feng,2025-02-08,15:21:09,-08:00,2025-02-08T15:21:09-08:00,0,16
style.css,210,css,ac2348e2,Yolanda Feng,2025-02-08,15:21:09,-08:00,2025-02-08T15:21:09-08:00,0,13
style.css,211,css,ac2348e2,Yolanda Feng,2025-02-08,15:21:09,-08:00,2025-02-08T15:21:09-08:00,0,16
style.css,212,css,ac2348e2,Yolanda Feng,2025-02-08,15:21:09,-08:00,2025-02-08T15:21:09-08:00,0,22
style.css,213,css,2a3625bc,Yolanda Feng,2025-02-14,15:32:44,-08:00,2025-02-14T15:32:44-08:00,0,18
style.css,214,css,ac2348e2,Yolanda Feng,2025-02-08,15:21:09,-08:00,2025-02-08T15:21:09-08:00,0,25
style.css,215,css,ac2348e2,Yolanda Feng,2025-02-08,15:21:09,-08:00,2025-02-08T15:21:09-08:00,0,7
style.css,216,css,ac2348e2,Yolanda Feng,2025-02-08,15:21:09,-08:00,2025-02-08T15:21:09-08:00,0,0
style.css,217,css,ac2348e2,Yolanda Feng,2025-02-08,15:21:09,-08:00,2025-02-08T15:21:09-08:00,0,0
style.css,218,css,ac2348e2,Yolanda Feng,2025-02-08,15:21:09,-08:00,2025-02-08T15:21:09-08:00,0,13
style.css,219,css,ac2348e2,Yolanda Feng,2025-02-08,15:21:09,-08:00,2025-02-08T15:21:09-08:00,0,13
style.css,220,css,ac2348e2,Yolanda Feng,2025-02-08,15:21:09,-08:00,2025-02-08T15:21:09-08:00,0,19
style.css,221,css,ac2348e2,Yolanda Feng,2025-02-08,15:21:09,-08:00,2025-02-08T15:21:09-08:00,0,8
style.css,222,css,ac2348e2,Yolanda Feng,2025-02-08,15:21:09,-08:00,2025-02-08T15:21:09-08:00,0,0
style.css,223,css,ac2348e2,Yolanda Feng,2025-02-08,15:21:09,-08:00,2025-02-08T15:21:09-08:00,0,0
style.css,224,css,ac2348e2,Yolanda Feng,2025-02-08,15:21:09,-08:00,2025-02-08T15:21:09-08:00,0,8
style.css,225,css,ac2348e2,Yolanda Feng,2025-02-08,15:21:09,-08:00,2025-02-08T15:21:09-08:00,0,11
style.css,226,css,ac2348e2,Yolanda Feng,2025-02-08,15:21:09,-08:00,2025-02-08T15:21:09-08:00,0,12
style.css,227,css,ac2348e2,Yolanda Feng,2025-02-08,15:21:09,-08:00,2025-02-08T15:21:09-08:00,0,19
style.css,228,css,ac2348e2,Yolanda Feng,2025-02-08,15:21:09,-08:00,2025-02-08T15:21:09-08:00,0,30
style.css,229,css,ac2348e2,Yolanda Feng,2025-02-08,15:21:09,-08:00,2025-02-08T15:21:09-08:00,0,18
style.css,230,css,ac2348e2,Yolanda Feng,2025-02-08,15:21:09,-08:00,2025-02-08T15:21:09-08:00,0,21
style.css,231,css,ac2348e2,Yolanda Feng,2025-02-08,15:21:09,-08:00,2025-02-08T15:21:09-08:00,0,0
style.css,232,css,4b1b9cc5,Yolanda Feng,2025-02-08,16:42:13,-08:00,2025-02-08T16:42:13-08:00,0,0
style.css,233,css,4b1b9cc5,Yolanda Feng,2025-02-08,16:42:13,-08:00,2025-02-08T16:42:13-08:00,0,11
style.css,234,css,4b1b9cc5,Yolanda Feng,2025-02-08,16:42:13,-08:00,2025-02-08T16:42:13-08:00,0,14
style.css,235,css,4b1b9cc5,Yolanda Feng,2025-02-08,16:42:13,-08:00,2025-02-08T16:42:13-08:00,0,11
style.css,236,css,4b1b9cc5,Yolanda Feng,2025-02-08,16:42:13,-08:00,2025-02-08T16:42:13-08:00,0,16
style.css,237,css,4b1b9cc5,Yolanda Feng,2025-02-08,16:42:13,-08:00,2025-02-08T16:42:13-08:00,0,18
style.css,238,css,4b1b9cc5,Yolanda Feng,2025-02-08,16:42:13,-08:00,2025-02-08T16:42:13-08:00,0,15
style.css,239,css,4b1b9cc5,Yolanda Feng,2025-02-08,16:42:13,-08:00,2025-02-08T16:42:13-08:00,0,22
style.css,240,css,4b1b9cc5,Yolanda Feng,2025-02-08,16:42:13,-08:00,2025-02-08T16:42:13-08:00,0,18
style.css,241,css,4b1b9cc5,Yolanda Feng,2025-02-08,16:42:13,-08:00,2025-02-08T16:42:13-08:00,0,13
style.css,242,css,4b1b9cc5,Yolanda Feng,2025-02-08,16:42:13,-08:00,2025-02-08T16:42:13-08:00,0,0
style.css,243,css,86281e3c,Yolanda Feng,2025-02-08,20:09:47,-08:00,2025-02-08T20:09:47-08:00,0,0
style.css,244,css,86281e3c,Yolanda Feng,2025-02-08,20:09:47,-08:00,2025-02-08T20:09:47-08:00,0,18
style.css,245,css,86281e3c,Yolanda Feng,2025-02-08,20:09:47,-08:00,2025-02-08T20:09:47-08:00,0,17
style.css,246,css,86281e3c,Yolanda Feng,2025-02-08,20:09:47,-08:00,2025-02-08T20:09:47-08:00,0,12
style.css,247,css,86281e3c,Yolanda Feng,2025-02-08,20:09:47,-08:00,2025-02-08T20:09:47-08:00,0,0
style.css,248,css,86281e3c,Yolanda Feng,2025-02-08,20:09:47,-08:00,2025-02-08T20:09:47-08:00,0,0
style.css,249,css,86281e3c,Yolanda Feng,2025-02-08,20:09:47,-08:00,2025-02-08T20:09:47-08:00,0,0
style.css,250,css,86281e3c,Yolanda Feng,2025-02-08,20:09:47,-08:00,2025-02-08T20:09:47-08:00,0,5
style.css,251,css,86281e3c,Yolanda Feng,2025-02-08,20:09:47,-08:00,2025-02-08T20:09:47-08:00,0,17
style.css,252,css,86281e3c,Yolanda Feng,2025-02-08,20:09:47,-08:00,2025-02-08T20:09:47-08:00,0,15
style.css,253,css,86281e3c,Yolanda Feng,2025-02-08,20:09:47,-08:00,2025-02-08T20:09:47-08:00,0,0
style.css,254,css,86281e3c,Yolanda Feng,2025-02-08,20:09:47,-08:00,2025-02-08T20:09:47-08:00,0,0
style.css,255,css,86281e3c,Yolanda Feng,2025-02-08,20:09:47,-08:00,2025-02-08T20:09:47-08:00,0,10
style.css,256,css,86281e3c,Yolanda Feng,2025-02-08,20:09:47,-08:00,2025-02-08T20:09:47-08:00,0,36
style.css,257,css,86281e3c,Yolanda Feng,2025-02-08,20:09:47,-08:00,2025-02-08T20:09:47-08:00,0,11
style.css,258,css,86281e3c,Yolanda Feng,2025-02-08,20:09:47,-08:00,2025-02-08T20:09:47-08:00,0,18
style.css,259,css,86281e3c,Yolanda Feng,2025-02-08,20:09:47,-08:00,2025-02-08T20:09:47-08:00,0,0
style.css,260,css,86281e3c,Yolanda Feng,2025-02-08,20:09:47,-08:00,2025-02-08T20:09:47-08:00,0,9
style.css,261,css,86281e3c,Yolanda Feng,2025-02-08,20:09:47,-08:00,2025-02-08T20:09:47-08:00,0,17
style.css,262,css,86281e3c,Yolanda Feng,2025-02-08,20:09:47,-08:00,2025-02-08T20:09:47-08:00,0,10
style.css,263,css,86281e3c,Yolanda Feng,2025-02-08,20:09:47,-08:00,2025-02-08T20:09:47-08:00,0,0
style.css,264,css,2a3625bc,Yolanda Feng,2025-02-14,15:32:44,-08:00,2025-02-14T15:32:44-08:00,0,0
index.js,1,js,2a3625bc,Yolanda Feng,2025-02-14,15:32:44,-08:00,2025-02-14T15:32:44-08:00,0,72
index.js,2,js,f4a1ebe2,Yolanda Feng,2025-01-31,14:57:03,-08:00,2025-01-31T14:57:03-08:00,0,0
index.js,3,js,7489dd4a,Yolanda Feng,2025-01-31,14:33:53,-08:00,2025-01-31T14:33:53-08:00,0,36
index.js,4,js,2a3625bc,Yolanda Feng,2025-02-14,15:32:44,-08:00,2025-02-14T15:32:44-08:00,0,4
index.js,5,js,2a3625bc,Yolanda Feng,2025-02-14,15:32:44,-08:00,2025-02-14T15:32:44-08:00,0,55
index.js,6,js,2a3625bc,Yolanda Feng,2025-02-14,15:32:44,-08:00,2025-02-14T15:32:44-08:00,0,61
index.js,7,js,2a3625bc,Yolanda Feng,2025-02-14,15:32:44,-08:00,2025-02-14T15:32:44-08:00,0,43
index.js,8,js,2a3625bc,Yolanda Feng,2025-02-14,15:32:44,-08:00,2025-02-14T15:32:44-08:00,0,24
index.js,9,js,2a3625bc,Yolanda Feng,2025-02-14,15:32:44,-08:00,2025-02-14T15:32:44-08:00,0,57
index.js,10,js,2a3625bc,Yolanda Feng,2025-02-14,15:32:44,-08:00,2025-02-14T15:32:44-08:00,0,6
index.js,11,js,2a3625bc,Yolanda Feng,2025-02-14,15:32:44,-08:00,2025-02-14T15:32:44-08:00,0,0
index.js,12,js,2a3625bc,Yolanda Feng,2025-02-14,15:32:44,-08:00,2025-02-14T15:32:44-08:00,0,40
index.js,13,js,2a3625bc,Yolanda Feng,2025-02-14,15:32:44,-08:00,2025-02-14T15:32:44-08:00,0,61
index.js,14,js,2a3625bc,Yolanda Feng,2025-02-14,15:32:44,-08:00,2025-02-14T15:32:44-08:00,0,6
index.js,15,js,7489dd4a,Yolanda Feng,2025-01-31,14:33:53,-08:00,2025-01-31T14:33:53-08:00,0,0
index.js,16,js,2a3625bc,Yolanda Feng,2025-02-14,15:32:44,-08:00,2025-02-14T15:32:44-08:00,0,55
index.js,17,js,2a3625bc,Yolanda Feng,2025-02-14,15:32:44,-08:00,2025-02-14T15:32:44-08:00,0,16
index.js,18,js,2a3625bc,Yolanda Feng,2025-02-14,15:32:44,-08:00,2025-02-14T15:32:44-08:00,0,47
index.js,19,js,2a3625bc,Yolanda Feng,2025-02-14,15:32:44,-08:00,2025-02-14T15:32:44-08:00,0,0
index.js,20,js,7489dd4a,Yolanda Feng,2025-01-31,14:33:53,-08:00,2025-01-31T14:33:53-08:00,0,0
index.js,21,js,f4a1ebe2,Yolanda Feng,2025-01-31,14:57:03,-08:00,2025-01-31T14:57:03-08:00,0,20
index.js,22,js,f4a1ebe2,Yolanda Feng,2025-01-31,14:57:03,-08:00,2025-01-31T14:57:03-08:00,0,0
index.js,23,js,f4a1ebe2,Yolanda Feng,2025-01-31,14:57:03,-08:00,2025-01-31T14:57:03-08:00,0,44
index.js,24,js,2a3625bc,Yolanda Feng,2025-02-14,15:32:44,-08:00,2025-02-14T15:32:44-08:00,0,61
index.js,25,js,2a3625bc,Yolanda Feng,2025-02-14,15:32:44,-08:00,2025-02-14T15:32:44-08:00,0,19
index.js,26,js,2a3625bc,Yolanda Feng,2025-02-14,15:32:44,-08:00,2025-02-14T15:32:44-08:00,0,51
index.js,27,js,2a3625bc,Yolanda Feng,2025-02-14,15:32:44,-08:00,2025-02-14T15:32:44-08:00,0,6
index.js,28,js,2a3625bc,Yolanda Feng,2025-02-14,15:32:44,-08:00,2025-02-14T15:32:44-08:00,0,0
index.js,29,js,2a3625bc,Yolanda Feng,2025-02-14,15:32:44,-08:00,2025-02-14T15:32:44-08:00,0,4
index.js,30,js,2a3625bc,Yolanda Feng,2025-02-14,15:32:44,-08:00,2025-02-14T15:32:44-08:00,0,50
index.js,31,js,2a3625bc,Yolanda Feng,2025-02-14,15:32:44,-08:00,2025-02-14T15:32:44-08:00,0,25
index.js,32,js,573316f2,Yolanda Feng,2025-01-31,15:44:03,-08:00,2025-01-31T15:44:03-08:00,0,3
index.js,33,js,f4a1ebe2,Yolanda Feng,2025-01-31,14:57:03,-08:00,2025-01-31T14:57:03-08:00,0,56
index.js,34,js,f4a1ebe2,Yolanda Feng,2025-01-31,14:57:03,-08:00,2025-01-31T14:57:03-08:00,0,56
index.js,35,js,f4a1ebe2,Yolanda Feng,2025-01-31,14:57:03,-08:00,2025-01-31T14:57:03-08:00,0,50
index.js,36,js,f4a1ebe2,Yolanda Feng,2025-01-31,14:57:03,-08:00,2025-01-31T14:57:03-08:00,0,50
index.js,37,js,f4a1ebe2,Yolanda Feng,2025-01-31,14:57:03,-08:00,2025-01-31T14:57:03-08:00,0,4
index.js,38,js,199a561c,Yolanda Feng,2025-01-31,15:37:13,-08:00,2025-01-31T15:37:13-08:00,0,1
index.js,39,js,2a3625bc,Yolanda Feng,2025-02-14,15:32:44,-08:00,2025-02-14T15:32:44-08:00,0,16
index.js,40,js,2a3625bc,Yolanda Feng,2025-02-14,15:32:44,-08:00,2025-02-14T15:32:44-08:00,0,78
index.js,41,js,f4a1ebe2,Yolanda Feng,2025-01-31,14:57:03,-08:00,2025-01-31T14:57:03-08:00,0,0
index.js,42,js,2a3625bc,Yolanda Feng,2025-02-14,15:32:44,-08:00,2025-02-14T15:32:44-08:00,0,0
index.js,43,js,2a3625bc,Yolanda Feng,2025-02-14,15:32:44,-08:00,2025-02-14T15:32:44-08:00,0,32
index.html,1,html,2a3625bc,Yolanda Feng,2025-02-14,15:32:44,-08:00,2025-02-14T15:32:44-08:00,0,14
index.html,2,html,c69fc11d,Yolanda Feng,2025-01-24,08:54:47,-08:00,2025-01-24T08:54:47-08:00,0,28
index.html,3,html,2a3625bc,Yolanda Feng,2025-02-14,15:32:44,-08:00,2025-02-14T15:32:44-08:00,0,5
index.html,4,html,2a3625bc,Yolanda Feng,2025-02-14,15:32:44,-08:00,2025-02-14T15:32:44-08:00,0,23
index.html,5,html,2a3625bc,Yolanda Feng,2025-02-14,15:32:44,-08:00,2025-02-14T15:32:44-08:00,0,71
index.html,6,html,ef542371,Yolanda Feng,2025-01-10,15:02:11,-08:00,2025-01-10T15:02:11-08:00,0,55
index.html,7,html,2a3625bc,Yolanda Feng,2025-02-14,15:32:44,-08:00,2025-02-14T15:32:44-08:00,0,41
index.html,8,html,2a3625bc,Yolanda Feng,2025-02-14,15:32:44,-08:00,2025-02-14T15:32:44-08:00,0,46
index.html,9,html,7489dd4a,Yolanda Feng,2025-01-31,14:33:53,-08:00,2025-01-31T14:33:53-08:00,0,51
index.html,10,html,2a3625bc,Yolanda Feng,2025-02-14,15:32:44,-08:00,2025-02-14T15:32:44-08:00,0,6
index.html,11,html,2a3625bc,Yolanda Feng,2025-02-14,15:32:44,-08:00,2025-02-14T15:32:44-08:00,0,5
index.html,12,html,2a3625bc,Yolanda Feng,2025-02-14,15:32:44,-08:00,2025-02-14T15:32:44-08:00,0,20
index.html,13,html,2a3625bc,Yolanda Feng,2025-02-14,15:32:44,-08:00,2025-02-14T15:32:44-08:00,0,68
index.html,14,html,2a3625bc,Yolanda Feng,2025-02-14,15:32:44,-08:00,2025-02-14T15:32:44-08:00,0,61
index.html,15,html,199a561c,Yolanda Feng,2025-01-31,15:37:13,-08:00,2025-01-31T15:37:13-08:00,0,0
index.html,16,html,7489dd4a,Yolanda Feng,2025-01-31,14:33:53,-08:00,2025-01-31T14:33:53-08:00,0,23
index.html,17,html,7489dd4a,Yolanda Feng,2025-01-31,14:33:53,-08:00,2025-01-31T14:33:53-08:00,0,27
index.html,18,html,7f1d9c46,Yolanda Feng,2025-01-31,15:49:07,-08:00,2025-01-31T15:49:07-08:00,0,20
index.html,19,html,199a561c,Yolanda Feng,2025-01-31,15:37:13,-08:00,2025-01-31T15:37:13-08:00,0,29
index.html,20,html,2a3625bc,Yolanda Feng,2025-02-14,15:32:44,-08:00,2025-02-14T15:32:44-08:00,0,6
index.html,21,html,2a3625bc,Yolanda Feng,2025-02-14,15:32:44,-08:00,2025-02-14T15:32:44-08:00,0,6
global.js,1,js,b6e5afa2,Yolanda Feng,2025-01-24,02:01:43,-08:00,2025-01-24T02:01:43-08:00,0,26
global.js,2,js,2690a1b6,Yolanda Feng,2025-01-23,23:36:45,-08:00,2025-01-23T23:36:45-08:00,0,0
global.js,3,js,2690a1b6,Yolanda Feng,2025-01-23,23:36:45,-08:00,2025-01-23T23:36:45-08:00,0,42
global.js,4,js,2690a1b6,Yolanda Feng,2025-01-23,23:36:45,-08:00,2025-01-23T23:36:45-08:00,0,53
global.js,5,js,dde5d38c,Yolanda Feng,2025-01-23,23:41:33,-08:00,2025-01-23T23:41:33-08:00,0,0
global.js,6,js,dde5d38c,Yolanda Feng,2025-01-23,23:41:33,-08:00,2025-01-23T23:41:33-08:00,0,0
global.js,7,js,a51a3743,Yolanda Feng,2025-01-23,23:56:25,-08:00,2025-01-23T23:56:25-08:00,0,12
global.js,8,js,2a3625bc,Yolanda Feng,2025-02-14,15:32:44,-08:00,2025-02-14T15:32:44-08:00,0,26
global.js,9,js,07b381cf,Yolanda Feng,2025-02-14,17:15:25,-08:00,2025-02-14T17:15:25-08:00,0,37
global.js,10,js,07b381cf,Yolanda Feng,2025-02-14,17:15:25,-08:00,2025-02-14T17:15:25-08:00,0,35
global.js,11,js,9d666dd9,Yolanda Feng,2025-02-14,17:16:26,-08:00,2025-02-14T17:16:26-08:00,0,37
global.js,12,js,07b381cf,Yolanda Feng,2025-02-14,17:15:25,-08:00,2025-02-14T17:15:25-08:00,0,31
global.js,13,js,2a3625bc,Yolanda Feng,2025-02-14,15:32:44,-08:00,2025-02-14T15:32:44-08:00,0,57
global.js,14,js,a51a3743,Yolanda Feng,2025-01-23,23:56:25,-08:00,2025-01-23T23:56:25-08:00,0,1
global.js,15,js,a51a3743,Yolanda Feng,2025-01-23,23:56:25,-08:00,2025-01-23T23:56:25-08:00,0,0
global.js,16,js,2a3625bc,Yolanda Feng,2025-02-14,15:32:44,-08:00,2025-02-14T15:32:44-08:00,0,39
global.js,17,js,a51a3743,Yolanda Feng,2025-01-23,23:56:25,-08:00,2025-01-23T23:56:25-08:00,0,26
global.js,18,js,2a3625bc,Yolanda Feng,2025-02-14,15:32:44,-08:00,2025-02-14T15:32:44-08:00,0,71
global.js,19,js,a51a3743,Yolanda Feng,2025-01-23,23:56:25,-08:00,2025-01-23T23:56:25-08:00,0,21
global.js,20,js,a51a3743,Yolanda Feng,2025-01-23,23:56:25,-08:00,2025-01-23T23:56:25-08:00,0,15
global.js,21,js,a51a3743,Yolanda Feng,2025-01-23,23:56:25,-08:00,2025-01-23T23:56:25-08:00,0,19
global.js,22,js,2a3625bc,Yolanda Feng,2025-02-14,15:32:44,-08:00,2025-02-14T15:32:44-08:00,0,65
global.js,23,js,a51a3743,Yolanda Feng,2025-01-23,23:56:25,-08:00,2025-01-23T23:56:25-08:00,0,0
global.js,24,js,2a3625bc,Yolanda Feng,2025-02-14,15:32:44,-08:00,2025-02-14T15:32:44-08:00,0,35
global.js,25,js,ccc124a9,Yolanda Feng,2025-01-24,00:26:22,-08:00,2025-01-24T00:26:22-08:00,0,12
global.js,26,js,ccc124a9,Yolanda Feng,2025-01-24,00:26:22,-08:00,2025-01-24T00:26:22-08:00,0,21
global.js,27,js,ccc124a9,Yolanda Feng,2025-01-24,00:26:22,-08:00,2025-01-24T00:26:22-08:00,0,66
global.js,28,js,2a3625bc,Yolanda Feng,2025-02-14,15:32:44,-08:00,2025-02-14T15:32:44-08:00,0,26
global.js,29,js,2a3625bc,Yolanda Feng,2025-02-14,15:32:44,-08:00,2025-02-14T15:32:44-08:00,0,0
global.js,30,js,ccc124a9,Yolanda Feng,2025-01-24,00:26:22,-08:00,2025-01-24T00:26:22-08:00,0,30
global.js,31,js,2a3625bc,Yolanda Feng,2025-02-14,15:32:44,-08:00,2025-02-14T15:32:44-08:00,0,34
global.js,32,js,2a3625bc,Yolanda Feng,2025-02-14,15:32:44,-08:00,2025-02-14T15:32:44-08:00,0,7
global.js,33,js,2a3625bc,Yolanda Feng,2025-02-14,15:32:44,-08:00,2025-02-14T15:32:44-08:00,0,27
global.js,34,js,2a3625bc,Yolanda Feng,2025-02-14,15:32:44,-08:00,2025-02-14T15:32:44-08:00,0,0
global.js,35,js,41b0cec3,Yolanda Feng,2025-01-24,01:41:15,-08:00,2025-01-24T01:41:15-08:00,0,13
global.js,36,js,a51a3743,Yolanda Feng,2025-01-23,23:56:25,-08:00,2025-01-23T23:56:25-08:00,0,0
global.js,37,js,44bc9c90,Yolanda Feng,2025-01-24,20:23:16,-08:00,2025-01-24T20:23:16-08:00,0,0
global.js,38,js,44bc9c90,Yolanda Feng,2025-01-24,20:23:16,-08:00,2025-01-24T20:23:16-08:00,0,32
global.js,39,js,2a3625bc,Yolanda Feng,2025-02-14,15:32:44,-08:00,2025-02-14T15:32:44-08:00,0,12
global.js,40,js,44bc9c90,Yolanda Feng,2025-01-24,20:23:16,-08:00,2025-01-24T20:23:16-08:00,0,0
global.js,41,js,44bc9c90,Yolanda Feng,2025-01-24,20:23:16,-08:00,2025-01-24T20:23:16-08:00,0,27
global.js,42,js,44bc9c90,Yolanda Feng,2025-01-24,20:23:16,-08:00,2025-01-24T20:23:16-08:00,0,5
global.js,43,js,44bc9c90,Yolanda Feng,2025-01-24,20:23:16,-08:00,2025-01-24T20:23:16-08:00,0,27
global.js,44,js,44bc9c90,Yolanda Feng,2025-01-24,20:23:16,-08:00,2025-01-24T20:23:16-08:00,0,38
global.js,45,js,44bc9c90,Yolanda Feng,2025-01-24,20:23:16,-08:00,2025-01-24T20:23:16-08:00,0,35
global.js,46,js,44bc9c90,Yolanda Feng,2025-01-24,20:23:16,-08:00,2025-01-24T20:23:16-08:00,0,33
global.js,47,js,44bc9c90,Yolanda Feng,2025-01-24,20:23:16,-08:00,2025-01-24T20:23:16-08:00,0,8
global.js,48,js,44bc9c90,Yolanda Feng,2025-01-24,20:23:16,-08:00,2025-01-24T20:23:16-08:00,0,7
global.js,49,js,2a3625bc,Yolanda Feng,2025-02-14,15:32:44,-08:00,2025-02-14T15:32:44-08:00,0,1
global.js,50,js,44bc9c90,Yolanda Feng,2025-01-24,20:23:16,-08:00,2025-01-24T20:23:16-08:00,0,1
global.js,51,js,44bc9c90,Yolanda Feng,2025-01-24,20:23:16,-08:00,2025-01-24T20:23:16-08:00,0,0
global.js,52,js,2a3625bc,Yolanda Feng,2025-02-14,15:32:44,-08:00,2025-02-14T15:32:44-08:00,0,61
global.js,53,js,2a3625bc,Yolanda Feng,2025-02-14,15:32:44,-08:00,2025-02-14T15:32:44-08:00,0,50
global.js,54,js,2a3625bc,Yolanda Feng,2025-02-14,15:32:44,-08:00,2025-02-14T15:32:44-08:00,0,41
global.js,55,js,2a3625bc,Yolanda Feng,2025-02-14,15:32:44,-08:00,2025-02-14T15:32:44-08:00,0,0
global.js,56,js,2a3625bc,Yolanda Feng,2025-02-14,15:32:44,-08:00,2025-02-14T15:32:44-08:00,0,54
global.js,57,js,2a3625bc,Yolanda Feng,2025-02-14,15:32:44,-08:00,2025-02-14T15:32:44-08:00,0,2
global.js,58,js,2a3625bc,Yolanda Feng,2025-02-14,15:32:44,-08:00,2025-02-14T15:32:44-08:00,0,0
global.js,59,js,36d282ce,Yolanda Feng,2025-01-24,20:35:26,-08:00,2025-01-24T20:35:26-08:00,0,37
global.js,60,js,2a3625bc,Yolanda Feng,2025-02-14,15:32:44,-08:00,2025-02-14T15:32:44-08:00,0,28
global.js,61,js,2a3625bc,Yolanda Feng,2025-02-14,15:32:44,-08:00,2025-02-14T15:32:44-08:00,0,61
global.js,62,js,2a3625bc,Yolanda Feng,2025-02-14,15:32:44,-08:00,2025-02-14T15:32:44-08:00,0,7
global.js,63,js,2a3625bc,Yolanda Feng,2025-02-14,15:32:44,-08:00,2025-02-14T15:32:44-08:00,0,71
global.js,64,js,36d282ce,Yolanda Feng,2025-01-24,20:35:26,-08:00,2025-01-24T20:35:26-08:00,0,0
global.js,65,js,2a3625bc,Yolanda Feng,2025-02-14,15:32:44,-08:00,2025-02-14T15:32:44-08:00,0,0
global.js,66,js,36d282ce,Yolanda Feng,2025-01-24,20:35:26,-08:00,2025-01-24T20:35:26-08:00,0,0
global.js,67,js,36d282ce,Yolanda Feng,2025-01-24,20:35:26,-08:00,2025-01-24T20:35:26-08:00,0,35
global.js,68,js,36d282ce,Yolanda Feng,2025-01-24,20:35:26,-08:00,2025-01-24T20:35:26-08:00,0,44
global.js,69,js,36d282ce,Yolanda Feng,2025-01-24,20:35:26,-08:00,2025-01-24T20:35:26-08:00,0,27
global.js,70,js,36d282ce,Yolanda Feng,2025-01-24,20:35:26,-08:00,2025-01-24T20:35:26-08:00,0,26
global.js,71,js,36d282ce,Yolanda Feng,2025-01-24,20:35:26,-08:00,2025-01-24T20:35:26-08:00,0,0
global.js,72,js,36d282ce,Yolanda Feng,2025-01-24,20:35:26,-08:00,2025-01-24T20:35:26-08:00,0,0
global.js,73,js,2a3625bc,Yolanda Feng,2025-02-14,15:32:44,-08:00,2025-02-14T15:32:44-08:00,0,50
global.js,74,js,36d282ce,Yolanda Feng,2025-01-24,20:35:26,-08:00,2025-01-24T20:35:26-08:00,0,41
global.js,75,js,36d282ce,Yolanda Feng,2025-01-24,20:35:26,-08:00,2025-01-24T20:35:26-08:00,0,30
global.js,76,js,36d282ce,Yolanda Feng,2025-01-24,20:35:26,-08:00,2025-01-24T20:35:26-08:00,0,41
global.js,77,js,2a3625bc,Yolanda Feng,2025-02-14,15:32:44,-08:00,2025-02-14T15:32:44-08:00,0,54
global.js,78,js,718c1232,Yolanda Feng,2025-01-30,23:35:46,-08:00,2025-01-30T23:35:46-08:00,0,2
global.js,79,js,718c1232,Yolanda Feng,2025-01-30,23:35:46,-08:00,2025-01-30T23:35:46-08:00,0,0
global.js,80,js,718c1232,Yolanda Feng,2025-01-30,23:35:46,-08:00,2025-01-30T23:35:46-08:00,0,37
global.js,81,js,718c1232,Yolanda Feng,2025-01-30,23:35:46,-08:00,2025-01-30T23:35:46-08:00,0,4
global.js,82,js,2a3625bc,Yolanda Feng,2025-02-14,15:32:44,-08:00,2025-02-14T15:32:44-08:00,0,33
global.js,83,js,2a3625bc,Yolanda Feng,2025-02-14,15:32:44,-08:00,2025-02-14T15:32:44-08:00,0,18
global.js,84,js,2a3625bc,Yolanda Feng,2025-02-14,15:32:44,-08:00,2025-02-14T15:32:44-08:00,0,67
global.js,85,js,2a3625bc,Yolanda Feng,2025-02-14,15:32:44,-08:00,2025-02-14T15:32:44-08:00,0,0
global.js,86,js,2a3625bc,Yolanda Feng,2025-02-14,15:32:44,-08:00,2025-02-14T15:32:44-08:00,0,34
global.js,87,js,2a3625bc,Yolanda Feng,2025-02-14,15:32:44,-08:00,2025-02-14T15:32:44-08:00,0,11
global.js,88,js,718c1232,Yolanda Feng,2025-01-30,23:35:46,-08:00,2025-01-30T23:35:46-08:00,0,16
global.js,89,js,2a3625bc,Yolanda Feng,2025-02-14,15:32:44,-08:00,2025-02-14T15:32:44-08:00,0,60
global.js,90,js,718c1232,Yolanda Feng,2025-01-30,23:35:46,-08:00,2025-01-30T23:35:46-08:00,0,0
global.js,91,js,718c1232,Yolanda Feng,2025-01-30,23:35:46,-08:00,2025-01-30T23:35:46-08:00,0,0
global.js,92,js,38ceb221,Yolanda Feng,2025-01-31,00:13:05,-08:00,2025-01-31T00:13:05-08:00,0,0
global.js,93,js,2a3625bc,Yolanda Feng,2025-02-14,15:32:44,-08:00,2025-02-14T15:32:44-08:00,0,79
global.js,94,js,38ceb221,Yolanda Feng,2025-01-31,00:13:05,-08:00,2025-01-31T00:13:05-08:00,0,69
global.js,95,js,38ceb221,Yolanda Feng,2025-01-31,00:13:05,-08:00,2025-01-31T00:13:05-08:00,0,52
global.js,96,js,38ceb221,Yolanda Feng,2025-01-31,00:13:05,-08:00,2025-01-31T00:13:05-08:00,0,6
global.js,97,js,38ceb221,Yolanda Feng,2025-01-31,00:13:05,-08:00,2025-01-31T00:13:05-08:00,0,0
global.js,98,js,38ceb221,Yolanda Feng,2025-01-31,00:13:05,-08:00,2025-01-31T00:13:05-08:00,0,36
global.js,99,js,2a3625bc,Yolanda Feng,2025-02-14,15:32:44,-08:00,2025-02-14T15:32:44-08:00,0,12
global.js,100,js,2a3625bc,Yolanda Feng,2025-02-14,15:32:44,-08:00,2025-02-14T15:32:44-08:00,0,62
global.js,101,js,2a3625bc,Yolanda Feng,2025-02-14,15:32:44,-08:00,2025-02-14T15:32:44-08:00,0,1
global.js,102,js,2a3625bc,Yolanda Feng,2025-02-14,15:32:44,-08:00,2025-02-14T15:32:44-08:00,0,19
global.js,103,js,38ceb221,Yolanda Feng,2025-01-31,00:13:05,-08:00,2025-01-31T00:13:05-08:00,0,0
global.js,104,js,2a3625bc,Yolanda Feng,2025-02-14,15:32:44,-08:00,2025-02-14T15:32:44-08:00,0,31
global.js,105,js,2a3625bc,Yolanda Feng,2025-02-14,15:32:44,-08:00,2025-02-14T15:32:44-08:00,0,29
global.js,106,js,2a3625bc,Yolanda Feng,2025-02-14,15:32:44,-08:00,2025-02-14T15:32:44-08:00,0,49
global.js,107,js,2a3625bc,Yolanda Feng,2025-02-14,15:32:44,-08:00,2025-02-14T15:32:44-08:00,0,49
global.js,108,js,2a3625bc,Yolanda Feng,2025-02-14,15:32:44,-08:00,2025-02-14T15:32:44-08:00,0,53
global.js,109,js,2a3625bc,Yolanda Feng,2025-02-14,15:32:44,-08:00,2025-02-14T15:32:44-08:00,0,70
global.js,110,js,2a3625bc,Yolanda Feng,2025-02-14,15:32:44,-08:00,2025-02-14T15:32:44-08:00,0,49
global.js,111,js,38ceb221,Yolanda Feng,2025-01-31,00:13:05,-08:00,2025-01-31T00:13:05-08:00,0,20
global.js,112,js,38ceb221,Yolanda Feng,2025-01-31,00:13:05,-08:00,2025-01-31T00:13:05-08:00,0,42
global.js,113,js,38ceb221,Yolanda Feng,2025-01-31,00:13:05,-08:00,2025-01-31T00:13:05-08:00,0,37
global.js,114,js,584f0a85,Yolanda Feng,2025-02-08,14:37:58,-08:00,2025-02-08T14:37:58-08:00,0,28
global.js,115,js,584f0a85,Yolanda Feng,2025-02-08,14:37:58,-08:00,2025-02-08T14:37:58-08:00,0,28
global.js,116,js,584f0a85,Yolanda Feng,2025-02-08,14:37:58,-08:00,2025-02-08T14:37:58-08:00,0,45
global.js,117,js,584f0a85,Yolanda Feng,2025-02-08,14:37:58,-08:00,2025-02-08T14:37:58-08:00,0,5
global.js,118,js,38ceb221,Yolanda Feng,2025-01-31,00:13:05,-08:00,2025-01-31T00:13:05-08:00,0,1
global.js,119,js,38ceb221,Yolanda Feng,2025-01-31,00:13:05,-08:00,2025-01-31T00:13:05-08:00,0,37
global.js,120,js,38ceb221,Yolanda Feng,2025-01-31,00:13:05,-08:00,2025-01-31T00:13:05-08:00,0,2
global.js,121,js,38ceb221,Yolanda Feng,2025-01-31,00:13:05,-08:00,2025-01-31T00:13:05-08:00,0,0
global.js,122,js,f4a1ebe2,Yolanda Feng,2025-01-31,14:57:03,-08:00,2025-01-31T14:57:03-08:00,0,0
global.js,123,js,f4a1ebe2,Yolanda Feng,2025-01-31,14:57:03,-08:00,2025-01-31T14:57:03-08:00,0,48
global.js,124,js,f4a1ebe2,Yolanda Feng,2025-01-31,14:57:03,-08:00,2025-01-31T14:57:03-08:00,0,72
global.js,125,js,f4a1ebe2,Yolanda Feng,2025-01-31,14:57:03,-08:00,2025-01-31T14:57:03-08:00,0,18
global.js,126,js,f4a1ebe2,Yolanda Feng,2025-01-31,14:57:03,-08:00,2025-01-31T14:57:03-08:00,0,55
global.js,127,js,f4a1ebe2,Yolanda Feng,2025-01-31,14:57:03,-08:00,2025-01-31T14:57:03-08:00,0,0
global.js,128,js,f4a1ebe2,Yolanda Feng,2025-01-31,14:57:03,-08:00,2025-01-31T14:57:03-08:00,0,22
global.js,129,js,f4a1ebe2,Yolanda Feng,2025-01-31,14:57:03,-08:00,2025-01-31T14:57:03-08:00,0,0
meta/main.js,1,js,805d0c71,Yolanda Feng,2025-02-14,17:39:49,-08:00,2025-02-14T17:39:49-08:00,0,13
meta/main.js,2,js,805d0c71,Yolanda Feng,2025-02-14,17:39:49,-08:00,2025-02-14T17:39:49-08:00,0,16
meta/main.js,3,js,805d0c71,Yolanda Feng,2025-02-14,17:39:49,-08:00,2025-02-14T17:39:49-08:00,0,0
meta/main.js,4,js,805d0c71,Yolanda Feng,2025-02-14,17:39:49,-08:00,2025-02-14T17:39:49-08:00,0,26
meta/main.js,5,js,805d0c71,Yolanda Feng,2025-02-14,17:39:49,-08:00,2025-02-14T17:39:49-08:00,0,41
meta/main.js,6,js,805d0c71,Yolanda Feng,2025-02-14,17:39:49,-08:00,2025-02-14T17:39:49-08:00,0,6
meta/main.js,7,js,805d0c71,Yolanda Feng,2025-02-14,17:39:49,-08:00,2025-02-14T17:39:49-08:00,0,15
meta/main.js,8,js,805d0c71,Yolanda Feng,2025-02-14,17:39:49,-08:00,2025-02-14T17:39:49-08:00,0,17
meta/main.js,9,js,805d0c71,Yolanda Feng,2025-02-14,17:39:49,-08:00,2025-02-14T17:39:49-08:00,0,19
meta/main.js,10,js,805d0c71,Yolanda Feng,2025-02-14,17:39:49,-08:00,2025-02-14T17:39:49-08:00,0,50
meta/main.js,11,js,805d0c71,Yolanda Feng,2025-02-14,17:39:49,-08:00,2025-02-14T17:39:49-08:00,0,32
meta/main.js,12,js,805d0c71,Yolanda Feng,2025-02-14,17:39:49,-08:00,2025-02-14T17:39:49-08:00,0,3
meta/main.js,13,js,805d0c71,Yolanda Feng,2025-02-14,17:39:49,-08:00,2025-02-14T17:39:49-08:00,0,0
meta/main.js,14,js,805d0c71,Yolanda Feng,2025-02-14,17:39:49,-08:00,2025-02-14T17:39:49-08:00,0,16
meta/main.js,15,js,805d0c71,Yolanda Feng,2025-02-14,17:39:49,-08:00,2025-02-14T17:39:49-08:00,0,20
meta/main.js,16,js,805d0c71,Yolanda Feng,2025-02-14,17:39:49,-08:00,2025-02-14T17:39:49-08:00,0,0
meta/main.js,17,js,805d0c71,Yolanda Feng,2025-02-14,17:39:49,-08:00,2025-02-14T17:39:49-08:00,0,0
meta/main.js,18,js,805d0c71,Yolanda Feng,2025-02-14,17:39:49,-08:00,2025-02-14T17:39:49-08:00,0,26
meta/main.js,19,js,805d0c71,Yolanda Feng,2025-02-14,17:39:49,-08:00,2025-02-14T17:39:49-08:00,0,11
meta/main.js,20,js,805d0c71,Yolanda Feng,2025-02-14,17:39:49,-08:00,2025-02-14T17:39:49-08:00,0,29
meta/main.js,21,js,805d0c71,Yolanda Feng,2025-02-14,17:39:49,-08:00,2025-02-14T17:39:49-08:00,0,26
meta/main.js,22,js,805d0c71,Yolanda Feng,2025-02-14,17:39:49,-08:00,2025-02-14T17:39:49-08:00,0,20
meta/main.js,23,js,805d0c71,Yolanda Feng,2025-02-14,17:39:49,-08:00,2025-02-14T17:39:49-08:00,0,54
meta/main.js,24,js,805d0c71,Yolanda Feng,2025-02-14,17:39:49,-08:00,2025-02-14T17:39:49-08:00,0,0
meta/main.js,25,js,805d0c71,Yolanda Feng,2025-02-14,17:39:49,-08:00,2025-02-14T17:39:49-08:00,0,16
meta/main.js,26,js,805d0c71,Yolanda Feng,2025-02-14,17:39:49,-08:00,2025-02-14T17:39:49-08:00,0,10
meta/main.js,27,js,805d0c71,Yolanda Feng,2025-02-14,17:39:49,-08:00,2025-02-14T17:39:49-08:00,0,52
meta/main.js,28,js,805d0c71,Yolanda Feng,2025-02-14,17:39:49,-08:00,2025-02-14T17:39:49-08:00,0,6
meta/main.js,29,js,805d0c71,Yolanda Feng,2025-02-14,17:39:49,-08:00,2025-02-14T17:39:49-08:00,0,4
meta/main.js,30,js,805d0c71,Yolanda Feng,2025-02-14,17:39:49,-08:00,2025-02-14T17:39:49-08:00,0,4
meta/main.js,31,js,805d0c71,Yolanda Feng,2025-02-14,17:39:49,-08:00,2025-02-14T17:39:49-08:00,0,8
meta/main.js,32,js,805d0c71,Yolanda Feng,2025-02-14,17:39:49,-08:00,2025-02-14T17:39:49-08:00,0,8
meta/main.js,33,js,805d0c71,Yolanda Feng,2025-02-14,17:39:49,-08:00,2025-02-14T17:39:49-08:00,0,58
meta/main.js,34,js,805d0c71,Yolanda Feng,2025-02-14,17:39:49,-08:00,2025-02-14T17:39:49-08:00,0,24
meta/main.js,35,js,805d0c71,Yolanda Feng,2025-02-14,17:39:49,-08:00,2025-02-14T17:39:49-08:00,0,1
meta/main.js,36,js,805d0c71,Yolanda Feng,2025-02-14,17:39:49,-08:00,2025-02-14T17:39:49-08:00,0,0
meta/main.js,37,js,805d0c71,Yolanda Feng,2025-02-14,17:39:49,-08:00,2025-02-14T17:39:49-08:00,0,42
meta/main.js,38,js,805d0c71,Yolanda Feng,2025-02-14,17:39:49,-08:00,2025-02-14T17:39:49-08:00,0,12
meta/main.js,39,js,805d0c71,Yolanda Feng,2025-02-14,17:39:49,-08:00,2025-02-14T17:39:49-08:00,0,15
meta/main.js,40,js,805d0c71,Yolanda Feng,2025-02-14,17:39:49,-08:00,2025-02-14T17:39:49-08:00,0,17
meta/main.js,41,js,805d0c71,Yolanda Feng,2025-02-14,17:39:49,-08:00,2025-02-14T17:39:49-08:00,0,19
meta/main.js,42,js,805d0c71,Yolanda Feng,2025-02-14,17:39:49,-08:00,2025-02-14T17:39:49-08:00,0,2
meta/main.js,43,js,805d0c71,Yolanda Feng,2025-02-14,17:39:49,-08:00,2025-02-14T17:39:49-08:00,0,0
meta/main.js,44,js,805d0c71,Yolanda Feng,2025-02-14,17:39:49,-08:00,2025-02-14T17:39:49-08:00,0,16
meta/main.js,45,js,805d0c71,Yolanda Feng,2025-02-14,17:39:49,-08:00,2025-02-14T17:39:49-08:00,0,2
meta/main.js,46,js,805d0c71,Yolanda Feng,2025-02-14,17:39:49,-08:00,2025-02-14T17:39:49-08:00,0,0
meta/main.js,47,js,805d0c71,Yolanda Feng,2025-02-14,17:39:49,-08:00,2025-02-14T17:39:49-08:00,0,0
meta/main.js,48,js,805d0c71,Yolanda Feng,2025-02-14,17:39:49,-08:00,2025-02-14T17:39:49-08:00,0,58
meta/main.js,49,js,805d0c71,Yolanda Feng,2025-02-14,17:39:49,-08:00,2025-02-14T17:39:49-08:00,0,16
meta/main.js,50,js,805d0c71,Yolanda Feng,2025-02-14,17:39:49,-08:00,2025-02-14T17:39:49-08:00,0,2
meta/index.html,1,html,fe0e178f,Yolanda Feng,2025-02-14,17:07:51,-08:00,2025-02-14T17:07:51-08:00,0,14
meta/index.html,2,html,fe0e178f,Yolanda Feng,2025-02-14,17:07:51,-08:00,2025-02-14T17:07:51-08:00,0,15
meta/index.html,3,html,fe0e178f,Yolanda Feng,2025-02-14,17:07:51,-08:00,2025-02-14T17:07:51-08:00,0,5
meta/index.html,4,html,fe0e178f,Yolanda Feng,2025-02-14,17:07:51,-08:00,2025-02-14T17:07:51-08:00,0,23
meta/index.html,5,html,fe0e178f,Yolanda Feng,2025-02-14,17:07:51,-08:00,2025-02-14T17:07:51-08:00,0,71
meta/index.html,6,html,fe0e178f,Yolanda Feng,2025-02-14,17:07:51,-08:00,2025-02-14T17:07:51-08:00,0,18
meta/index.html,7,html,fe0e178f,Yolanda Feng,2025-02-14,17:07:51,-08:00,2025-02-14T17:07:51-08:00,0,44
meta/index.html,8,html,fe0e178f,Yolanda Feng,2025-02-14,17:07:51,-08:00,2025-02-14T17:07:51-08:00,0,49
meta/index.html,9,html,805d0c71,Yolanda Feng,2025-02-14,17:39:49,-08:00,2025-02-14T17:39:49-08:00,0,66
meta/index.html,10,html,805d0c71,Yolanda Feng,2025-02-14,17:39:49,-08:00,2025-02-14T17:39:49-08:00,0,50
meta/index.html,11,html,fe0e178f,Yolanda Feng,2025-02-14,17:07:51,-08:00,2025-02-14T17:07:51-08:00,0,6
meta/index.html,12,html,fe0e178f,Yolanda Feng,2025-02-14,17:07:51,-08:00,2025-02-14T17:07:51-08:00,0,5
meta/index.html,13,html,2c8c1657,Yolanda Feng,2025-02-14,17:14:38,-08:00,2025-02-14T17:14:38-08:00,0,12
meta/index.html,14,html,2c8c1657,Yolanda Feng,2025-02-14,17:14:38,-08:00,2025-02-14T17:14:38-08:00,0,2
meta/index.html,15,html,2c8c1657,Yolanda Feng,2025-02-14,17:14:38,-08:00,2025-02-14T17:14:38-08:00,0,78
meta/index.html,16,html,2c8c1657,Yolanda Feng,2025-02-14,17:14:38,-08:00,2025-02-14T17:14:38-08:00,0,3
meta/index.html,17,html,805d0c71,Yolanda Feng,2025-02-14,17:39:49,-08:00,2025-02-14T17:39:49-08:00,0,21
meta/index.html,18,html,2c8c1657,Yolanda Feng,2025-02-14,17:14:38,-08:00,2025-02-14T17:14:38-08:00,0,6
meta/index.html,19,html,fe0e178f,Yolanda Feng,2025-02-14,17:07:51,-08:00,2025-02-14T17:07:51-08:00,0,6
Resume/index.html,1,html,2a3625bc,Yolanda Feng,2025-02-14,15:32:44,-08:00,2025-02-14T15:32:44-08:00,0,14
Resume/index.html,2,html,bf5cf26f,Yolanda Feng,2025-01-10,19:28:48,-08:00,2025-01-10T19:28:48-08:00,0,15
Resume/index.html,3,html,2a3625bc,Yolanda Feng,2025-02-14,15:32:44,-08:00,2025-02-14T15:32:44-08:00,0,5
Resume/index.html,4,html,2a3625bc,Yolanda Feng,2025-02-14,15:32:44,-08:00,2025-02-14T15:32:44-08:00,0,23
Resume/index.html,5,html,2a3625bc,Yolanda Feng,2025-02-14,15:32:44,-08:00,2025-02-14T15:32:44-08:00,0,71
Resume/index.html,6,html,df5c639b,Yolanda Feng,2025-01-17,16:21:10,-08:00,2025-01-17T16:21:10-08:00,0,20
Resume/index.html,7,html,2a3625bc,Yolanda Feng,2025-02-14,15:32:44,-08:00,2025-02-14T15:32:44-08:00,0,44
Resume/index.html,8,html,2690a1b6,Yolanda Feng,2025-01-23,23:36:45,-08:00,2025-01-23T23:36:45-08:00,0,49
Resume/index.html,9,html,2a3625bc,Yolanda Feng,2025-02-14,15:32:44,-08:00,2025-02-14T15:32:44-08:00,0,6
Resume/index.html,10,html,2a3625bc,Yolanda Feng,2025-02-14,15:32:44,-08:00,2025-02-14T15:32:44-08:00,0,5
Resume/index.html,11,html,2a3625bc,Yolanda Feng,2025-02-14,15:32:44,-08:00,2025-02-14T15:32:44-08:00,0,27
Resume/index.html,12,html,903ff68a,Yolanda Feng,2025-01-17,19:24:15,-08:00,2025-01-17T19:24:15-08:00,0,29
Resume/index.html,13,html,2a3625bc,Yolanda Feng,2025-02-14,15:32:44,-08:00,2025-02-14T15:32:44-08:00,0,20
Resume/index.html,14,html,2a3625bc,Yolanda Feng,2025-02-14,15:32:44,-08:00,2025-02-14T15:32:44-08:00,0,25
Resume/index.html,15,html,903ff68a,Yolanda Feng,2025-01-17,19:24:15,-08:00,2025-01-17T19:24:15-08:00,0,57
Resume/index.html,16,html,903ff68a,Yolanda Feng,2025-01-17,19:24:15,-08:00,2025-01-17T19:24:15-08:00,0,55
Resume/index.html,17,html,2a3625bc,Yolanda Feng,2025-02-14,15:32:44,-08:00,2025-02-14T15:32:44-08:00,0,2
Resume/index.html,18,html,2a3625bc,Yolanda Feng,2025-02-14,15:32:44,-08:00,2025-02-14T15:32:44-08:00,0,54
Resume/index.html,19,html,2a3625bc,Yolanda Feng,2025-02-14,15:32:44,-08:00,2025-02-14T15:32:44-08:00,0,17
Resume/index.html,20,html,2a3625bc,Yolanda Feng,2025-02-14,15:32:44,-08:00,2025-02-14T15:32:44-08:00,0,0
Resume/index.html,21,html,2a3625bc,Yolanda Feng,2025-02-14,15:32:44,-08:00,2025-02-14T15:32:44-08:00,0,3
Resume/index.html,22,html,2a3625bc,Yolanda Feng,2025-02-14,15:32:44,-08:00,2025-02-14T15:32:44-08:00,0,5
Resume/index.html,23,html,903ff68a,Yolanda Feng,2025-01-17,19:24:15,-08:00,2025-01-17T19:24:15-08:00,0,8
Resume/index.html,24,html,903ff68a,Yolanda Feng,2025-01-17,19:24:15,-08:00,2025-01-17T19:24:15-08:00,0,0
Resume/index.html,25,html,903ff68a,Yolanda Feng,2025-01-17,19:24:15,-08:00,2025-01-17T19:24:15-08:00,0,8
Resume/index.html,26,html,2a3625bc,Yolanda Feng,2025-02-14,15:32:44,-08:00,2025-02-14T15:32:44-08:00,0,17
Resume/index.html,27,html,2a3625bc,Yolanda Feng,2025-02-14,15:32:44,-08:00,2025-02-14T15:32:44-08:00,0,8
Resume/index.html,28,html,2a3625bc,Yolanda Feng,2025-02-14,15:32:44,-08:00,2025-02-14T15:32:44-08:00,0,3
Resume/index.html,29,html,2a3625bc,Yolanda Feng,2025-02-14,15:32:44,-08:00,2025-02-14T15:32:44-08:00,0,60
Resume/index.html,30,html,2a3625bc,Yolanda Feng,2025-02-14,15:32:44,-08:00,2025-02-14T15:32:44-08:00,0,52
Resume/index.html,31,html,2a3625bc,Yolanda Feng,2025-02-14,15:32:44,-08:00,2025-02-14T15:32:44-08:00,0,4
Resume/index.html,32,html,2a3625bc,Yolanda Feng,2025-02-14,15:32:44,-08:00,2025-02-14T15:32:44-08:00,0,58
Resume/index.html,33,html,2a3625bc,Yolanda Feng,2025-02-14,15:32:44,-08:00,2025-02-14T15:32:44-08:00,0,9
Resume/index.html,34,html,903ff68a,Yolanda Feng,2025-01-17,19:24:15,-08:00,2025-01-17T19:24:15-08:00,0,9
Resume/index.html,35,html,0c7ee722,Yolanda Feng,2025-01-10,19:50:22,-08:00,2025-01-10T19:50:22-08:00,0,0
Resume/index.html,36,html,903ff68a,Yolanda Feng,2025-01-17,19:24:15,-08:00,2025-01-17T19:24:15-08:00,0,8
Resume/index.html,37,html,2a3625bc,Yolanda Feng,2025-02-14,15:32:44,-08:00,2025-02-14T15:32:44-08:00,0,27
Resume/index.html,38,html,2a3625bc,Yolanda Feng,2025-02-14,15:32:44,-08:00,2025-02-14T15:32:44-08:00,0,8
Resume/index.html,39,html,2a3625bc,Yolanda Feng,2025-02-14,15:32:44,-08:00,2025-02-14T15:32:44-08:00,0,3
Resume/index.html,40,html,2a3625bc,Yolanda Feng,2025-02-14,15:32:44,-08:00,2025-02-14T15:32:44-08:00,0,55
Resume/index.html,41,html,2a3625bc,Yolanda Feng,2025-02-14,15:32:44,-08:00,2025-02-14T15:32:44-08:00,0,50
Resume/index.html,42,html,2a3625bc,Yolanda Feng,2025-02-14,15:32:44,-08:00,2025-02-14T15:32:44-08:00,0,4
Resume/index.html,43,html,2a3625bc,Yolanda Feng,2025-02-14,15:32:44,-08:00,2025-02-14T15:32:44-08:00,0,20
Resume/index.html,44,html,2a3625bc,Yolanda Feng,2025-02-14,15:32:44,-08:00,2025-02-14T15:32:44-08:00,0,3
Resume/index.html,45,html,2a3625bc,Yolanda Feng,2025-02-14,15:32:44,-08:00,2025-02-14T15:32:44-08:00,0,40
Resume/index.html,46,html,2a3625bc,Yolanda Feng,2025-02-14,15:32:44,-08:00,2025-02-14T15:32:44-08:00,0,48
Resume/index.html,47,html,2a3625bc,Yolanda Feng,2025-02-14,15:32:44,-08:00,2025-02-14T15:32:44-08:00,0,4
Resume/index.html,48,html,2a3625bc,Yolanda Feng,2025-02-14,15:32:44,-08:00,2025-02-14T15:32:44-08:00,0,9
Resume/index.html,49,html,2a3625bc,Yolanda Feng,2025-02-14,15:32:44,-08:00,2025-02-14T15:32:44-08:00,0,8
Resume/index.html,50,html,2a3625bc,Yolanda Feng,2025-02-14,15:32:44,-08:00,2025-02-14T15:32:44-08:00,0,3
Resume/index.html,51,html,2a3625bc,Yolanda Feng,2025-02-14,15:32:44,-08:00,2025-02-14T15:32:44-08:00,0,66
Resume/index.html,52,html,2a3625bc,Yolanda Feng,2025-02-14,15:32:44,-08:00,2025-02-14T15:32:44-08:00,0,8
Resume/index.html,53,html,2a3625bc,Yolanda Feng,2025-02-14,15:32:44,-08:00,2025-02-14T15:32:44-08:00,0,52
Resume/index.html,54,html,2a3625bc,Yolanda Feng,2025-02-14,15:32:44,-08:00,2025-02-14T15:32:44-08:00,0,4
Resume/index.html,55,html,2a3625bc,Yolanda Feng,2025-02-14,15:32:44,-08:00,2025-02-14T15:32:44-08:00,0,17
Resume/index.html,56,html,2a3625bc,Yolanda Feng,2025-02-14,15:32:44,-08:00,2025-02-14T15:32:44-08:00,0,3
Resume/index.html,57,html,2a3625bc,Yolanda Feng,2025-02-14,15:32:44,-08:00,2025-02-14T15:32:44-08:00,0,47
Resume/index.html,58,html,2a3625bc,Yolanda Feng,2025-02-14,15:32:44,-08:00,2025-02-14T15:32:44-08:00,0,26
Resume/index.html,59,html,2a3625bc,Yolanda Feng,2025-02-14,15:32:44,-08:00,2025-02-14T15:32:44-08:00,0,4
Resume/index.html,60,html,8e28c5bd,Yolanda Feng,2025-01-10,19:59:03,-08:00,2025-01-10T19:59:03-08:00,0,9
Resume/index.html,61,html,8e28c5bd,Yolanda Feng,2025-01-10,19:59:03,-08:00,2025-01-10T19:59:03-08:00,0,8
Resume/index.html,62,html,2a3625bc,Yolanda Feng,2025-02-14,15:32:44,-08:00,2025-02-14T15:32:44-08:00,0,3
Resume/index.html,63,html,2a3625bc,Yolanda Feng,2025-02-14,15:32:44,-08:00,2025-02-14T15:32:44-08:00,0,62
Resume/index.html,64,html,2a3625bc,Yolanda Feng,2025-02-14,15:32:44,-08:00,2025-02-14T15:32:44-08:00,0,14
Resume/index.html,65,html,2a3625bc,Yolanda Feng,2025-02-14,15:32:44,-08:00,2025-02-14T15:32:44-08:00,0,52
Resume/index.html,66,html,2a3625bc,Yolanda Feng,2025-02-14,15:32:44,-08:00,2025-02-14T15:32:44-08:00,0,4
Resume/index.html,67,html,2a3625bc,Yolanda Feng,2025-02-14,15:32:44,-08:00,2025-02-14T15:32:44-08:00,0,20
Resume/index.html,68,html,2a3625bc,Yolanda Feng,2025-02-14,15:32:44,-08:00,2025-02-14T15:32:44-08:00,0,3
Resume/index.html,69,html,2a3625bc,Yolanda Feng,2025-02-14,15:32:44,-08:00,2025-02-14T15:32:44-08:00,0,24
Resume/index.html,70,html,2a3625bc,Yolanda Feng,2025-02-14,15:32:44,-08:00,2025-02-14T15:32:44-08:00,0,23
Resume/index.html,71,html,2a3625bc,Yolanda Feng,2025-02-14,15:32:44,-08:00,2025-02-14T15:32:44-08:00,0,4
Resume/index.html,72,html,8e28c5bd,Yolanda Feng,2025-01-10,19:59:03,-08:00,2025-01-10T19:59:03-08:00,0,9
Resume/index.html,73,html,903ff68a,Yolanda Feng,2025-01-17,19:24:15,-08:00,2025-01-17T19:24:15-08:00,0,9
Resume/index.html,74,html,8e28c5bd,Yolanda Feng,2025-01-10,19:59:03,-08:00,2025-01-10T19:59:03-08:00,0,0
Resume/index.html,75,html,903ff68a,Yolanda Feng,2025-01-17,19:24:15,-08:00,2025-01-17T19:24:15-08:00,0,8
Resume/index.html,76,html,903ff68a,Yolanda Feng,2025-01-17,19:24:15,-08:00,2025-01-17T19:24:15-08:00,0,30
Resume/index.html,77,html,8e28c5bd,Yolanda Feng,2025-01-10,19:59:03,-08:00,2025-01-10T19:59:03-08:00,0,8
Resume/index.html,78,html,2a3625bc,Yolanda Feng,2025-02-14,15:32:44,-08:00,2025-02-14T15:32:44-08:00,0,20
Resume/index.html,79,html,2a3625bc,Yolanda Feng,2025-02-14,15:32:44,-08:00,2025-02-14T15:32:44-08:00,0,2
Resume/index.html,80,html,2a3625bc,Yolanda Feng,2025-02-14,15:32:44,-08:00,2025-02-14T15:32:44-08:00,0,62
Resume/index.html,81,html,2a3625bc,Yolanda Feng,2025-02-14,15:32:44,-08:00,2025-02-14T15:32:44-08:00,0,31
Resume/index.html,82,html,2a3625bc,Yolanda Feng,2025-02-14,15:32:44,-08:00,2025-02-14T15:32:44-08:00,0,3
Resume/index.html,83,html,8e28c5bd,Yolanda Feng,2025-01-10,19:59:03,-08:00,2025-01-10T19:59:03-08:00,0,9
Resume/index.html,84,html,8e28c5bd,Yolanda Feng,2025-01-10,19:59:03,-08:00,2025-01-10T19:59:03-08:00,0,8
Resume/index.html,85,html,2a3625bc,Yolanda Feng,2025-02-14,15:32:44,-08:00,2025-02-14T15:32:44-08:00,0,33
Resume/index.html,86,html,2a3625bc,Yolanda Feng,2025-02-14,15:32:44,-08:00,2025-02-14T15:32:44-08:00,0,2
Resume/index.html,87,html,2a3625bc,Yolanda Feng,2025-02-14,15:32:44,-08:00,2025-02-14T15:32:44-08:00,0,66
Resume/index.html,88,html,2a3625bc,Yolanda Feng,2025-02-14,15:32:44,-08:00,2025-02-14T15:32:44-08:00,0,54
Resume/index.html,89,html,2a3625bc,Yolanda Feng,2025-02-14,15:32:44,-08:00,2025-02-14T15:32:44-08:00,0,3
Resume/index.html,90,html,2a3625bc,Yolanda Feng,2025-02-14,15:32:44,-08:00,2025-02-14T15:32:44-08:00,0,2
Resume/index.html,91,html,2a3625bc,Yolanda Feng,2025-02-14,15:32:44,-08:00,2025-02-14T15:32:44-08:00,0,57
Resume/index.html,92,html,2a3625bc,Yolanda Feng,2025-02-14,15:32:44,-08:00,2025-02-14T15:32:44-08:00,0,40
Resume/index.html,93,html,2a3625bc,Yolanda Feng,2025-02-14,15:32:44,-08:00,2025-02-14T15:32:44-08:00,0,24
Resume/index.html,94,html,2a3625bc,Yolanda Feng,2025-02-14,15:32:44,-08:00,2025-02-14T15:32:44-08:00,0,3
Resume/index.html,95,html,8e28c5bd,Yolanda Feng,2025-01-10,19:59:03,-08:00,2025-01-10T19:59:03-08:00,0,9
Resume/index.html,96,html,2a3625bc,Yolanda Feng,2025-02-14,15:32:44,-08:00,2025-02-14T15:32:44-08:00,0,9
Resume/index.html,97,html,8e28c5bd,Yolanda Feng,2025-01-10,19:59:03,-08:00,2025-01-10T19:59:03-08:00,0,0
Resume/index.html,98,html,903ff68a,Yolanda Feng,2025-01-17,19:24:15,-08:00,2025-01-17T19:24:15-08:00,0,8
Resume/index.html,99,html,2a3625bc,Yolanda Feng,2025-02-14,15:32:44,-08:00,2025-02-14T15:32:44-08:00,0,14
Resume/index.html,100,html,2a3625bc,Yolanda Feng,2025-02-14,15:32:44,-08:00,2025-02-14T15:32:44-08:00,0,3
Resume/index.html,101,html,2a3625bc,Yolanda Feng,2025-02-14,15:32:44,-08:00,2025-02-14T15:32:44-08:00,0,60
Resume/index.html,102,html,2a3625bc,Yolanda Feng,2025-02-14,15:32:44,-08:00,2025-02-14T15:32:44-08:00,0,62
Resume/index.html,103,html,2a3625bc,Yolanda Feng,2025-02-14,15:32:44,-08:00,2025-02-14T15:32:44-08:00,0,64
Resume/index.html,104,html,2a3625bc,Yolanda Feng,2025-02-14,15:32:44,-08:00,2025-02-14T15:32:44-08:00,0,4
Resume/index.html,105,html,903ff68a,Yolanda Feng,2025-01-17,19:24:15,-08:00,2025-01-17T19:24:15-08:00,0,9
Resume/index.html,106,html,2a3625bc,Yolanda Feng,2025-02-14,15:32:44,-08:00,2025-02-14T15:32:44-08:00,0,5
Resume/index.html,107,html,2a3625bc,Yolanda Feng,2025-02-14,15:32:44,-08:00,2025-02-14T15:32:44-08:00,0,6
Resume/index.html,108,html,2a3625bc,Yolanda Feng,2025-02-14,15:32:44,-08:00,2025-02-14T15:32:44-08:00,0,6
Project/projects.js,1,js,2a3625bc,Yolanda Feng,2025-02-14,15:32:44,-08:00,2025-02-14T15:32:44-08:00,0,56
Project/projects.js,2,js,584f0a85,Yolanda Feng,2025-02-08,14:37:58,-08:00,2025-02-08T14:37:58-08:00,0,64
Project/projects.js,3,js,e4b3065c,Yolanda Feng,2025-01-31,00:17:02,-08:00,2025-01-31T00:17:02-08:00,0,0
Project/projects.js,4,js,2a3625bc,Yolanda Feng,2025-02-14,15:32:44,-08:00,2025-02-14T15:32:44-08:00,0,61
Project/projects.js,5,js,2a3625bc,Yolanda Feng,2025-02-14,15:32:44,-08:00,2025-02-14T15:32:44-08:00,0,63
Project/projects.js,6,js,2a3625bc,Yolanda Feng,2025-02-14,15:32:44,-08:00,2025-02-14T15:32:44-08:00,0,56
Project/projects.js,7,js,4b1b9cc5,Yolanda Feng,2025-02-08,16:42:13,-08:00,2025-02-08T16:42:13-08:00,0,0
Project/projects.js,8,js,86281e3c,Yolanda Feng,2025-02-08,20:09:47,-08:00,2025-02-08T20:09:47-08:00,0,17
Project/projects.js,9,js,dec495bf,Yolanda Feng,2025-02-08,20:21:05,-08:00,2025-02-08T20:21:05-08:00,0,22
Project/projects.js,10,js,dec495bf,Yolanda Feng,2025-02-08,20:21:05,-08:00,2025-02-08T20:21:05-08:00,0,25
Project/projects.js,11,js,4b1b9cc5,Yolanda Feng,2025-02-08,16:42:13,-08:00,2025-02-08T16:42:13-08:00,0,0
Project/projects.js,12,js,38ceb221,Yolanda Feng,2025-01-31,00:13:05,-08:00,2025-01-31T00:13:05-08:00,0,30
Project/projects.js,13,js,2a3625bc,Yolanda Feng,2025-02-14,15:32:44,-08:00,2025-02-14T15:32:44-08:00,0,4
Project/projects.js,14,js,2a3625bc,Yolanda Feng,2025-02-14,15:32:44,-08:00,2025-02-14T15:32:44-08:00,0,50
Project/projects.js,15,js,2a3625bc,Yolanda Feng,2025-02-14,15:32:44,-08:00,2025-02-14T15:32:44-08:00,0,24
Project/projects.js,16,js,2a3625bc,Yolanda Feng,2025-02-14,15:32:44,-08:00,2025-02-14T15:32:44-08:00,0,57
Project/projects.js,17,js,2a3625bc,Yolanda Feng,2025-02-14,15:32:44,-08:00,2025-02-14T15:32:44-08:00,0,6
Project/projects.js,18,js,2a3625bc,Yolanda Feng,2025-02-14,15:32:44,-08:00,2025-02-14T15:32:44-08:00,0,0
Project/projects.js,19,js,2a3625bc,Yolanda Feng,2025-02-14,15:32:44,-08:00,2025-02-14T15:32:44-08:00,0,20
Project/projects.js,20,js,2a3625bc,Yolanda Feng,2025-02-14,15:32:44,-08:00,2025-02-14T15:32:44-08:00,0,61
Project/projects.js,21,js,2a3625bc,Yolanda Feng,2025-02-14,15:32:44,-08:00,2025-02-14T15:32:44-08:00,0,6
Project/projects.js,22,js,2a3625bc,Yolanda Feng,2025-02-14,15:32:44,-08:00,2025-02-14T15:32:44-08:00,0,0
Project/projects.js,23,js,2a3625bc,Yolanda Feng,2025-02-14,15:32:44,-08:00,2025-02-14T15:32:44-08:00,0,40
Project/projects.js,24,js,2a3625bc,Yolanda Feng,2025-02-14,15:32:44,-08:00,2025-02-14T15:32:44-08:00,0,61
Project/projects.js,25,js,2a3625bc,Yolanda Feng,2025-02-14,15:32:44,-08:00,2025-02-14T15:32:44-08:00,0,40
Project/projects.js,26,js,2a3625bc,Yolanda Feng,2025-02-14,15:32:44,-08:00,2025-02-14T15:32:44-08:00,0,6
Project/projects.js,27,js,38ceb221,Yolanda Feng,2025-01-31,00:13:05,-08:00,2025-01-31T00:13:05-08:00,0,0
Project/projects.js,28,js,2a3625bc,Yolanda Feng,2025-02-14,15:32:44,-08:00,2025-02-14T15:32:44-08:00,0,49
Project/projects.js,29,js,2a3625bc,Yolanda Feng,2025-02-14,15:32:44,-08:00,2025-02-14T15:32:44-08:00,0,57
Project/projects.js,30,js,2a3625bc,Yolanda Feng,2025-02-14,15:32:44,-08:00,2025-02-14T15:32:44-08:00,0,24
Project/projects.js,31,js,2a3625bc,Yolanda Feng,2025-02-14,15:32:44,-08:00,2025-02-14T15:32:44-08:00,0,16
Project/projects.js,32,js,2a3625bc,Yolanda Feng,2025-02-14,15:32:44,-08:00,2025-02-14T15:32:44-08:00,0,47
Project/projects.js,33,js,2a3625bc,Yolanda Feng,2025-02-14,15:32:44,-08:00,2025-02-14T15:32:44-08:00,0,0
Project/projects.js,34,js,38ceb221,Yolanda Feng,2025-01-31,00:13:05,-08:00,2025-01-31T00:13:05-08:00,0,0
Project/projects.js,35,js,38ceb221,Yolanda Feng,2025-01-31,00:13:05,-08:00,2025-01-31T00:13:05-08:00,0,14
Project/projects.js,36,js,584f0a85,Yolanda Feng,2025-02-08,14:37:58,-08:00,2025-02-08T14:37:58-08:00,0,0
Project/projects.js,37,js,4b1b9cc5,Yolanda Feng,2025-02-08,16:42:13,-08:00,2025-02-08T16:42:13-08:00,0,34
Project/projects.js,38,js,2a3625bc,Yolanda Feng,2025-02-14,15:32:44,-08:00,2025-02-14T15:32:44-08:00,0,40
Project/projects.js,39,js,2a3625bc,Yolanda Feng,2025-02-14,15:32:44,-08:00,2025-02-14T15:32:44-08:00,0,59
Project/projects.js,40,js,2a3625bc,Yolanda Feng,2025-02-14,15:32:44,-08:00,2025-02-14T15:32:44-08:00,0,40
Project/projects.js,41,js,2a3625bc,Yolanda Feng,2025-02-14,15:32:44,-08:00,2025-02-14T15:32:44-08:00,0,44
Project/projects.js,42,js,2a3625bc,Yolanda Feng,2025-02-14,15:32:44,-08:00,2025-02-14T15:32:44-08:00,0,6
Project/projects.js,43,js,2a3625bc,Yolanda Feng,2025-02-14,15:32:44,-08:00,2025-02-14T15:32:44-08:00,0,0
Project/projects.js,44,js,86281e3c,Yolanda Feng,2025-02-08,20:09:47,-08:00,2025-02-08T20:09:47-08:00,0,0
Project/projects.js,45,js,2a3625bc,Yolanda Feng,2025-02-14,15:32:44,-08:00,2025-02-14T15:32:44-08:00,0,27
Project/projects.js,46,js,2a3625bc,Yolanda Feng,2025-02-14,15:32:44,-08:00,2025-02-14T15:32:44-08:00,0,8
Project/projects.js,47,js,2a3625bc,Yolanda Feng,2025-02-14,15:32:44,-08:00,2025-02-14T15:32:44-08:00,0,15
Project/projects.js,48,js,2a3625bc,Yolanda Feng,2025-02-14,15:32:44,-08:00,2025-02-14T15:32:44-08:00,0,13
Project/projects.js,49,js,2a3625bc,Yolanda Feng,2025-02-14,15:32:44,-08:00,2025-02-14T15:32:44-08:00,0,1
Project/projects.js,50,js,2a3625bc,Yolanda Feng,2025-02-14,15:32:44,-08:00,2025-02-14T15:32:44-08:00,0,77
Project/projects.js,51,js,86281e3c,Yolanda Feng,2025-02-08,20:09:47,-08:00,2025-02-08T20:09:47-08:00,0,0
Project/projects.js,52,js,2a3625bc,Yolanda Feng,2025-02-14,15:32:44,-08:00,2025-02-14T15:32:44-08:00,0,58
Project/projects.js,53,js,2a3625bc,Yolanda Feng,2025-02-14,15:32:44,-08:00,2025-02-14T15:32:44-08:00,0,51
Project/projects.js,54,js,2a3625bc,Yolanda Feng,2025-02-14,15:32:44,-08:00,2025-02-14T15:32:44-08:00,0,34
Project/projects.js,55,js,2a3625bc,Yolanda Feng,2025-02-14,15:32:44,-08:00,2025-02-14T15:32:44-08:00,0,43
Project/projects.js,56,js,86281e3c,Yolanda Feng,2025-02-08,20:09:47,-08:00,2025-02-08T20:09:47-08:00,0,0
Project/projects.js,57,js,2a3625bc,Yolanda Feng,2025-02-14,15:32:44,-08:00,2025-02-14T15:32:44-08:00,0,26
Project/projects.js,58,js,2a3625bc,Yolanda Feng,2025-02-14,15:32:44,-08:00,2025-02-14T15:32:44-08:00,0,27
Project/projects.js,59,js,2a3625bc,Yolanda Feng,2025-02-14,15:32:44,-08:00,2025-02-14T15:32:44-08:00,0,33
Project/projects.js,60,js,2a3625bc,Yolanda Feng,2025-02-14,15:32:44,-08:00,2025-02-14T15:32:44-08:00,0,30
Project/projects.js,61,js,2a3625bc,Yolanda Feng,2025-02-14,15:32:44,-08:00,2025-02-14T15:32:44-08:00,0,0
Project/projects.js,62,js,2a3625bc,Yolanda Feng,2025-02-14,15:32:44,-08:00,2025-02-14T15:32:44-08:00,0,26
Project/projects.js,63,js,2a3625bc,Yolanda Feng,2025-02-14,15:32:44,-08:00,2025-02-14T15:32:44-08:00,0,2
Project/projects.js,64,js,2a3625bc,Yolanda Feng,2025-02-14,15:32:44,-08:00,2025-02-14T15:32:44-08:00,0,14
Project/projects.js,65,js,2a3625bc,Yolanda Feng,2025-02-14,15:32:44,-08:00,2025-02-14T15:32:44-08:00,0,26
Project/projects.js,66,js,2a3625bc,Yolanda Feng,2025-02-14,15:32:44,-08:00,2025-02-14T15:32:44-08:00,0,23
Project/projects.js,67,js,2a3625bc,Yolanda Feng,2025-02-14,15:32:44,-08:00,2025-02-14T15:32:44-08:00,0,52
Project/projects.js,68,js,2a3625bc,Yolanda Feng,2025-02-14,15:32:44,-08:00,2025-02-14T15:32:44-08:00,0,63
Project/projects.js,69,js,2a3625bc,Yolanda Feng,2025-02-14,15:32:44,-08:00,2025-02-14T15:32:44-08:00,0,25
Project/projects.js,70,js,2a3625bc,Yolanda Feng,2025-02-14,15:32:44,-08:00,2025-02-14T15:32:44-08:00,0,44
Project/projects.js,71,js,2a3625bc,Yolanda Feng,2025-02-14,15:32:44,-08:00,2025-02-14T15:32:44-08:00,0,2
Project/projects.js,72,js,2a3625bc,Yolanda Feng,2025-02-14,15:32:44,-08:00,2025-02-14T15:32:44-08:00,0,17
Project/projects.js,73,js,2a3625bc,Yolanda Feng,2025-02-14,15:32:44,-08:00,2025-02-14T15:32:44-08:00,0,69
Project/projects.js,74,js,2a3625bc,Yolanda Feng,2025-02-14,15:32:44,-08:00,2025-02-14T15:32:44-08:00,0,5
Project/projects.js,75,js,2a3625bc,Yolanda Feng,2025-02-14,15:32:44,-08:00,2025-02-14T15:32:44-08:00,0,15
Project/projects.js,76,js,2a3625bc,Yolanda Feng,2025-02-14,15:32:44,-08:00,2025-02-14T15:32:44-08:00,0,69
Project/projects.js,77,js,2a3625bc,Yolanda Feng,2025-02-14,15:32:44,-08:00,2025-02-14T15:32:44-08:00,0,26
Project/projects.js,78,js,2a3625bc,Yolanda Feng,2025-02-14,15:32:44,-08:00,2025-02-14T15:32:44-08:00,0,49
Project/projects.js,79,js,2a3625bc,Yolanda Feng,2025-02-14,15:32:44,-08:00,2025-02-14T15:32:44-08:00,0,7
Project/projects.js,80,js,2a3625bc,Yolanda Feng,2025-02-14,15:32:44,-08:00,2025-02-14T15:32:44-08:00,0,66
Project/projects.js,81,js,2a3625bc,Yolanda Feng,2025-02-14,15:32:44,-08:00,2025-02-14T15:32:44-08:00,0,57
Project/projects.js,82,js,2a3625bc,Yolanda Feng,2025-02-14,15:32:44,-08:00,2025-02-14T15:32:44-08:00,0,0
Project/projects.js,83,js,2a3625bc,Yolanda Feng,2025-02-14,15:32:44,-08:00,2025-02-14T15:32:44-08:00,0,2
Project/projects.js,84,js,2a3625bc,Yolanda Feng,2025-02-14,15:32:44,-08:00,2025-02-14T15:32:44-08:00,0,2
Project/projects.js,85,js,86281e3c,Yolanda Feng,2025-02-08,20:09:47,-08:00,2025-02-08T20:09:47-08:00,0,0
Project/projects.js,86,js,2a3625bc,Yolanda Feng,2025-02-14,15:32:44,-08:00,2025-02-14T15:32:44-08:00,0,25
Project/projects.js,87,js,2a3625bc,Yolanda Feng,2025-02-14,15:32:44,-08:00,2025-02-14T15:32:44-08:00,0,5
Project/projects.js,88,js,2a3625bc,Yolanda Feng,2025-02-14,15:32:44,-08:00,2025-02-14T15:32:44-08:00,0,12
Project/projects.js,89,js,2a3625bc,Yolanda Feng,2025-02-14,15:32:44,-08:00,2025-02-14T15:32:44-08:00,0,39
Project/projects.js,90,js,2a3625bc,Yolanda Feng,2025-02-14,15:32:44,-08:00,2025-02-14T15:32:44-08:00,0,54
Project/projects.js,91,js,2a3625bc,Yolanda Feng,2025-02-14,15:32:44,-08:00,2025-02-14T15:32:44-08:00,0,61
Project/projects.js,92,js,2a3625bc,Yolanda Feng,2025-02-14,15:32:44,-08:00,2025-02-14T15:32:44-08:00,0,2
Project/projects.js,93,js,4b1b9cc5,Yolanda Feng,2025-02-08,16:42:13,-08:00,2025-02-08T16:42:13-08:00,0,0
Project/projects.js,94,js,ac2348e2,Yolanda Feng,2025-02-08,15:21:09,-08:00,2025-02-08T15:21:09-08:00,0,0
Project/projects.js,95,js,2a3625bc,Yolanda Feng,2025-02-14,15:32:44,-08:00,2025-02-14T15:32:44-08:00,0,49
Project/projects.js,96,js,2a3625bc,Yolanda Feng,2025-02-14,15:32:44,-08:00,2025-02-14T15:32:44-08:00,0,44
Project/projects.js,97,js,2a3625bc,Yolanda Feng,2025-02-14,15:32:44,-08:00,2025-02-14T15:32:44-08:00,0,68
Project/projects.js,98,js,2a3625bc,Yolanda Feng,2025-02-14,15:32:44,-08:00,2025-02-14T15:32:44-08:00,0,51
Project/projects.js,99,js,2a3625bc,Yolanda Feng,2025-02-14,15:32:44,-08:00,2025-02-14T15:32:44-08:00,0,60
Project/projects.js,100,js,2a3625bc,Yolanda Feng,2025-02-14,15:32:44,-08:00,2025-02-14T15:32:44-08:00,0,29
Project/projects.js,101,js,2a3625bc,Yolanda Feng,2025-02-14,15:32:44,-08:00,2025-02-14T15:32:44-08:00,0,2
Project/projects.js,102,js,2a3625bc,Yolanda Feng,2025-02-14,15:32:44,-08:00,2025-02-14T15:32:44-08:00,0,57
Project/projects.js,103,js,2a3625bc,Yolanda Feng,2025-02-14,15:32:44,-08:00,2025-02-14T15:32:44-08:00,0,32
Project/projects.js,104,js,2a3625bc,Yolanda Feng,2025-02-14,15:32:44,-08:00,2025-02-14T15:32:44-08:00,0,2
Project/index.html,1,html,2a3625bc,Yolanda Feng,2025-02-14,15:32:44,-08:00,2025-02-14T15:32:44-08:00,0,14
Project/index.html,2,html,7b54ae9b,Yolanda Feng,2025-01-10,15:35:29,-08:00,2025-01-10T15:35:29-08:00,0,15
Project/index.html,3,html,2a3625bc,Yolanda Feng,2025-02-14,15:32:44,-08:00,2025-02-14T15:32:44-08:00,0,5
Project/index.html,4,html,2a3625bc,Yolanda Feng,2025-02-14,15:32:44,-08:00,2025-02-14T15:32:44-08:00,0,23
Project/index.html,5,html,2a3625bc,Yolanda Feng,2025-02-14,15:32:44,-08:00,2025-02-14T15:32:44-08:00,0,71
Project/index.html,6,html,7b54ae9b,Yolanda Feng,2025-01-10,15:35:29,-08:00,2025-01-10T15:35:29-08:00,0,22
Project/index.html,7,html,2a3625bc,Yolanda Feng,2025-02-14,15:32:44,-08:00,2025-02-14T15:32:44-08:00,0,44
Project/index.html,8,html,38ceb221,Yolanda Feng,2025-01-31,00:13:05,-08:00,2025-01-31T00:13:05-08:00,0,49
Project/index.html,9,html,38ceb221,Yolanda Feng,2025-01-31,00:13:05,-08:00,2025-01-31T00:13:05-08:00,0,48
Project/index.html,10,html,2a3625bc,Yolanda Feng,2025-02-14,15:32:44,-08:00,2025-02-14T15:32:44-08:00,0,6
Project/index.html,11,html,2a3625bc,Yolanda Feng,2025-02-14,15:32:44,-08:00,2025-02-14T15:32:44-08:00,0,5
Project/index.html,12,html,e4b3065c,Yolanda Feng,2025-01-31,00:17:02,-08:00,2025-01-31T00:17:02-08:00,0,39
Project/index.html,13,html,ac2348e2,Yolanda Feng,2025-02-08,15:21:09,-08:00,2025-02-08T15:21:09-08:00,0,22
Project/index.html,14,html,2a3625bc,Yolanda Feng,2025-02-14,15:32:44,-08:00,2025-02-14T15:32:44-08:00,0,59
Project/index.html,15,html,2a3625bc,Yolanda Feng,2025-02-14,15:32:44,-08:00,2025-02-14T15:32:44-08:00,0,23
Project/index.html,16,html,2a3625bc,Yolanda Feng,2025-02-14,15:32:44,-08:00,2025-02-14T15:32:44-08:00,0,5
Project/index.html,17,html,2a3625bc,Yolanda Feng,2025-02-14,15:32:44,-08:00,2025-02-14T15:32:44-08:00,0,16
Project/index.html,18,html,2a3625bc,Yolanda Feng,2025-02-14,15:32:44,-08:00,2025-02-14T15:32:44-08:00,0,12
Project/index.html,19,html,2a3625bc,Yolanda Feng,2025-02-14,15:32:44,-08:00,2025-02-14T15:32:44-08:00,0,27
Project/index.html,20,html,2a3625bc,Yolanda Feng,2025-02-14,15:32:44,-08:00,2025-02-14T15:32:44-08:00,0,32
Project/index.html,21,html,2a3625bc,Yolanda Feng,2025-02-14,15:32:44,-08:00,2025-02-14T15:32:44-08:00,0,1
Project/index.html,22,html,0d8e9a35,Yolanda Feng,2025-01-17,00:21:33,-08:00,2025-01-17T00:21:33-08:00,0,5
Project/index.html,23,html,ac2348e2,Yolanda Feng,2025-02-08,15:21:09,-08:00,2025-02-08T15:21:09-08:00,0,27
Project/index.html,24,html,2a3625bc,Yolanda Feng,2025-02-14,15:32:44,-08:00,2025-02-14T15:32:44-08:00,0,6
Project/index.html,25,html,2a3625bc,Yolanda Feng,2025-02-14,15:32:44,-08:00,2025-02-14T15:32:44-08:00,0,6
Contact/index.html,1,html,2a3625bc,Yolanda Feng,2025-02-14,15:32:44,-08:00,2025-02-14T15:32:44-08:00,0,14
Contact/index.html,2,html,7b54ae9b,Yolanda Feng,2025-01-10,15:35:29,-08:00,2025-01-10T15:35:29-08:00,0,15
Contact/index.html,3,html,2a3625bc,Yolanda Feng,2025-02-14,15:32:44,-08:00,2025-02-14T15:32:44-08:00,0,5
Contact/index.html,4,html,2a3625bc,Yolanda Feng,2025-02-14,15:32:44,-08:00,2025-02-14T15:32:44-08:00,0,23
Contact/index.html,5,html,2a3625bc,Yolanda Feng,2025-02-14,15:32:44,-08:00,2025-02-14T15:32:44-08:00,0,71
Contact/index.html,6,html,7b54ae9b,Yolanda Feng,2025-01-10,15:35:29,-08:00,2025-01-10T15:35:29-08:00,0,21
Contact/index.html,7,html,2a3625bc,Yolanda Feng,2025-02-14,15:32:44,-08:00,2025-02-14T15:32:44-08:00,0,44
Contact/index.html,8,html,2690a1b6,Yolanda Feng,2025-01-23,23:36:45,-08:00,2025-01-23T23:36:45-08:00,0,49
Contact/index.html,9,html,2a3625bc,Yolanda Feng,2025-02-14,15:32:44,-08:00,2025-02-14T15:32:44-08:00,0,6
Contact/index.html,10,html,2a3625bc,Yolanda Feng,2025-02-14,15:32:44,-08:00,2025-02-14T15:32:44-08:00,0,5
Contact/index.html,11,html,2a3625bc,Yolanda Feng,2025-02-14,15:32:44,-08:00,2025-02-14T15:32:44-08:00,0,15
Contact/index.html,12,html,0e15b234,Yolanda Feng,2025-01-10,19:15:03,-08:00,2025-01-10T19:15:03-08:00,0,72
Contact/index.html,13,html,2a3625bc,Yolanda Feng,2025-02-14,15:32:44,-08:00,2025-02-14T15:32:44-08:00,0,32
Contact/index.html,14,html,2a3625bc,Yolanda Feng,2025-02-14,15:32:44,-08:00,2025-02-14T15:32:44-08:00,0,34
Contact/index.html,15,html,2a3625bc,Yolanda Feng,2025-02-14,15:32:44,-08:00,2025-02-14T15:32:44-08:00,0,36
Contact/index.html,16,html,2a3625bc,Yolanda Feng,2025-02-14,15:32:44,-08:00,2025-02-14T15:32:44-08:00,0,23
Contact/index.html,17,html,2a3625bc,Yolanda Feng,2025-02-14,15:32:44,-08:00,2025-02-14T15:32:44-08:00,0,30
Contact/index.html,18,html,2a3625bc,Yolanda Feng,2025-02-14,15:32:44,-08:00,2025-02-14T15:32:44-08:00,0,32
Contact/index.html,19,html,2a3625bc,Yolanda Feng,2025-02-14,15:32:44,-08:00,2025-02-14T15:32:44-08:00,0,22
Contact/index.html,20,html,2a3625bc,Yolanda Feng,2025-02-14,15:32:44,-08:00,2025-02-14T15:32:44-08:00,0,6
Contact/index.html,21,html,2a3625bc,Yolanda Feng,2025-02-14,15:32:44,-08:00,2025-02-14T15:32:44-08:00,0,6
Contact/index.html,22,html,2a3625bc,Yolanda Feng,2025-02-14,15:32:44,-08:00,2025-02-14T15:32:44-08:00,0,6
